step,Z_pooled_sum
1,137596.631157
2,137554.893523
3,137467.604759
4,137523.6772
5,137574.282938
6,137610.060902
7,137577.61452
8,137532.655088
9,137532.828314
10,137513.140891
11,137443.82043
12,137509.123224
13,137530.444067
14,137471.911702
15,137439.483771
16,137522.648925
17,137610.498907
18,137598.654174
19,137576.123413
20,137550.938462
21,137581.648544
22,137496.076064
23,137614.066016
24,137550.370836
25,137526.866743
26,137508.359086
27,137565.304746
28,137549.948774
29,137552.315019
30,137544.717762
31,137502.745837
32,137568.558697
33,137630.728905
34,137605.335417
35,137530.275412
36,137618.839645
37,137506.798515
38,137489.642618
39,137457.62391
40,137491.652881
41,137549.888936
42,137565.760399
43,137563.218652
44,137588.574052
45,137566.733777
46,137535.640953
47,137492.593736
48,137549.184972
49,137453.555481
50,137500.037354
51,137470.608421
52,137436.376144
53,137433.680233
54,137472.39707
55,137444.540881
56,137481.687297
57,137502.862876
58,137531.700944
59,137559.499228
60,137524.258615
61,137610.876027
62,137563.9883
63,137578.563289
64,137581.203347
65,137508.043057
66,137507.549289
67,137495.046836
68,137530.397866
69,137457.24932
70,137469.365795
71,137487.625974
72,137491.828307
73,137395.793859
74,137475.855446
75,137511.600534
76,137515.147415
77,137566.336917
78,137504.835542
79,137499.926699
80,137554.63423
81,137446.523538
82,137442.568351
83,137411.808171
84,137443.537065
85,137517.139425
86,137547.93141
87,137521.568829
88,137570.071098
89,137485.217715
90,137463.851043
91,137424.164405
92,137370.178392
93,137451.528466
94,137449.578091
95,137431.026897
96,137415.192314
97,137419.811832
98,137373.333358
99,137369.66146
100,137387.395729
101,137407.130925
102,137439.921833
103,137469.097222
104,137409.894934
105,137372.382837
106,137411.677835
107,137460.340847
108,137384.055045
109,137386.823957
110,137335.248585
111,137274.096465
112,137324.33967
113,137221.600649
114,137288.52702
115,137264.438203
116,137291.287665
117,137281.749552
118,137312.484561
119,137284.234618
120,137289.627157
121,137377.582977
122,137362.456537
123,137327.046272
124,137281.346282
125,137343.375292
126,137437.665744
127,137404.439375
128,137350.329926
129,137330.331448
130,137296.094662
131,137266.847579
132,137229.657447
133,137210.482666
134,137246.302617
135,137225.20892
136,137241.735486
137,137262.341426
138,137319.17536
139,137259.589495
140,137275.233812
141,137280.832311
142,137246.474677
143,137275.004363
144,137215.353373
145,137198.496153
146,137243.204369
147,137260.416203
148,137205.515927
149,137133.98603
150,137171.447758
151,137191.638391
152,137218.115829
153,137179.750072
154,137147.518721
155,137064.577306
156,137090.51331
157,137143.011833
158,137248.777941
159,137246.70668
160,137283.205964
161,137258.868541
162,137203.227959
163,137186.44846
164,137209.565241
165,137145.310046
166,137082.628309
167,137156.583992
168,137160.802417
169,137166.170752
170,137076.599375
171,137098.481103
172,137048.317262
173,137062.567079
174,137095.686013
175,137170.123836
176,137148.936419
177,137111.703599
178,137121.236259
179,137142.298007
180,137074.080088
181,137053.389656
182,137083.38499
183,137004.91707
184,137028.415739
185,137106.850686
186,137152.624315
187,137077.025778
188,137041.584863
189,137092.533547
190,136956.482023
191,137033.870336
192,137053.168285
193,137036.383849
194,137004.426609
195,137004.297347
196,137065.799227
197,137028.355881
198,137046.134341
199,136999.68294
200,136991.300421
201,136958.228567
202,136960.327501
203,137060.403971
204,137114.780558
205,137042.331725
206,137100.300792
207,136988.365273
208,136949.141117
209,136996.095099
210,136994.805991
211,136999.466988
212,136961.480479
213,136918.708919
214,136881.438838
215,136864.657213
216,136921.100715
217,136937.37901
218,136943.208244
219,136987.480117
220,137063.558164
221,136990.248904
222,137057.995937
223,137047.439896
224,136973.69534
225,136965.592736
226,136976.574097
227,137045.71653
228,136998.730431
229,136946.377461
230,136929.435088
231,136950.663037
232,136975.180035
233,136896.695607
234,136911.594267
235,136968.984629
236,137045.011413
237,136970.438556
238,136981.548471
239,136952.983312
240,136953.956112
241,136946.878751
242,136973.969498
243,136966.314419
244,136919.02335
245,137013.152066
246,137093.084123
247,136954.974388
248,136967.505964
249,136903.439496
250,137006.204929
251,136978.387831
252,136929.894566
253,136941.243154
254,136916.180028
255,136903.08913
256,136936.78009
257,136934.129832
258,136926.180598
259,136880.369204
260,136901.87381
261,136824.156314
262,136874.614567
263,136859.736733
264,136884.403218
265,136880.354975
266,136891.778517
267,136816.973968
268,136774.487526
269,136749.016858
270,136792.291484
271,136768.803761
272,136798.239771
273,136796.777538
274,136859.780465
275,136763.123647
276,136838.746803
277,136920.262372
278,136906.411491
279,136870.2824
280,136881.920345
281,136913.949596
282,136895.281243
283,136874.718385
284,136921.586197
285,136905.217836
286,136850.606813
287,136817.414678
288,136784.683644
289,136749.114574
290,136811.815495
291,136776.907469
292,136792.483672
293,136747.250822
294,136738.897748
295,136821.431604
296,136775.570441
297,136821.628169
298,136767.080504
299,136718.435463
300,136752.992778
301,136799.599509
302,136799.718522
303,136736.271447
304,136734.558995
305,136763.972017
306,136745.306799
307,136724.6572
308,136769.780531
309,136703.224708
310,136753.138351
311,136737.241118
312,136784.060085
313,136754.67086
314,136747.509291
315,136776.303583
316,136705.35751
317,136800.21272
318,136755.500266
319,136719.726322
320,136692.921603
321,136772.919268
322,136714.054928
323,136712.500563
324,136678.558621
325,136685.624555
326,136712.242042
327,136707.864299
328,136701.959449
329,136664.635914
330,136653.807597
331,136637.225228
332,136756.652418
333,136715.933399
334,136676.583228
335,136690.591897
336,136651.662944
337,136621.241217
338,136594.036751
339,136583.214027
340,136569.44525
341,136545.443737
342,136636.885313
343,136649.318535
344,136605.133919
345,136649.597612
346,136605.317568
347,136631.246852
348,136636.934969
349,136619.791687
350,136657.440695
351,136770.341267
352,136726.039717
353,136751.251385
354,136693.177354
355,136715.409469
356,136715.187187
357,136768.544895
358,136767.209673
359,136699.007005
360,136720.292077
361,136706.843954
362,136711.28111
363,136595.841196
364,136630.124627
365,136604.529529
366,136668.890936
367,136709.333012
368,136705.485084
369,136709.702994
370,136681.696437
371,136687.022618
372,136605.569709
373,136624.561424
374,136645.249834
375,136642.967024
376,136710.278646
377,136695.232912
378,136677.963022
379,136637.654002
380,136619.06926
381,136574.536728
382,136612.80202
383,136648.713281
384,136697.450498
385,136598.962655
386,136566.221873
387,136663.066331
388,136662.268575
389,136651.167573
390,136665.404211
391,136641.801654
392,136581.548986
393,136550.430652
394,136545.768628
395,136629.039817
396,136602.2146
397,136541.723825
398,136572.130429
399,136607.030078
400,136585.078164
401,136550.002578
402,136556.307086
403,136600.086232
404,136564.858285
405,136589.399728
406,136576.505855
407,136570.984576
408,136604.826609
409,136525.23016
410,136489.789459
411,136573.433269
412,136498.727921
413,136554.033064
414,136536.144897
415,136545.127915
416,136557.613415
417,136506.932713
418,136495.860279
419,136514.858219
420,136513.337047
421,136606.850576
422,136545.464559
423,136537.671393
424,136554.150548
425,136529.42129
426,136506.559586
427,136461.099408
428,136398.869214
429,136455.983944
430,136535.902537
431,136544.982769
432,136546.354614
433,136515.831269
434,136510.981979
435,136525.380197
436,136460.061245
437,136456.513827
438,136588.445039
439,136563.403154
440,136609.490934
441,136530.348154
442,136556.050125
443,136540.552116
444,136534.615187
445,136537.071297
446,136542.512358
447,136496.54185
448,136525.868224
449,136556.263349
450,136550.809362
451,136558.297501
452,136494.487361
453,136551.4752
454,136522.181885
455,136507.010826
456,136451.06777
457,136474.451793
458,136541.232209
459,136571.535133
460,136512.831605
461,136513.598803
462,136474.032556
463,136476.156794
464,136441.209991
465,136523.459078
466,136536.255519
467,136586.123917
468,136597.744589
469,136627.221183
470,136576.554756
471,136574.63606
472,136567.22578
473,136580.848389
474,136525.012528
475,136490.470162
476,136515.213966
477,136525.185936
478,136488.657677
479,136537.334557
480,136519.321296
481,136437.738842
482,136465.095846
483,136500.323569
484,136489.887008
485,136454.682188
486,136426.380654
487,136450.88302
488,136441.151991
489,136470.813851
490,136505.355793
491,136513.710204
492,136544.391551
493,136536.915129
494,136498.447858
495,136526.887903
496,136541.312995
497,136499.978917
498,136486.729706
499,136458.803631
500,136484.484032
501,136538.91537
502,136481.061679
503,136489.536172
504,136468.770958
505,136475.434116
506,136553.496175
507,136532.399935
508,136537.192214
509,136539.750645
510,136631.702445
511,136536.233371
512,136571.142636
513,136519.139202
514,136567.396883
515,136507.877437
516,136557.221971
517,136466.692903
518,136510.460531
519,136491.295155
520,136485.984313
521,136459.780922
522,136535.315183
523,136549.776043
524,136585.526781
525,136519.095427
526,136565.8715
527,136499.525389
528,136488.274344
529,136530.926936
530,136585.847123
531,136485.272786
532,136577.794815
533,136611.722889
534,136452.868492
535,136529.816618
536,136516.086352
537,136490.873296
538,136513.218304
539,136472.300879
540,136507.00931
541,136441.237574
542,136478.112862
543,136522.267852
544,136515.061889
545,136467.721157
546,136445.919473
547,136423.340718
548,136449.77291
549,136529.447783
550,136480.576071
551,136459.603256
552,136570.63196
553,136463.217942
554,136443.105048
555,136487.955341
556,136464.775916
557,136490.541119
558,136539.18461
559,136500.600876
560,136500.353367
561,136407.95349
562,136461.606759
563,136452.359247
564,136473.440881
565,136479.424775
566,136477.976137
567,136452.418912
568,136478.002818
569,136492.218666
570,136539.802208
571,136439.21833
572,136515.638387
573,136562.124148
574,136559.534373
575,136515.945424
576,136571.012559
577,136552.564981
578,136458.859063
579,136419.806633
580,136415.771877
581,136443.028755
582,136484.398733
583,136478.255244
584,136430.168394
585,136460.03786
586,136481.788341
587,136555.152919
588,136482.327281
589,136452.009691
590,136442.748039
591,136370.867764
592,136407.524085
593,136423.404001
594,136385.471748
595,136399.248445
596,136375.925573
597,136369.072714
598,136469.671478
599,136478.551982
600,136507.683301
601,136397.054798
602,136432.115728
603,136456.687705
604,136463.364509
605,136443.594834
606,136431.389976
607,136475.351103
608,136384.81612
609,136320.939407
610,136405.837565
611,136436.036145
612,136424.762985
613,136416.200643
614,136366.833033
615,136445.027425
616,136377.0085
617,136338.087659
618,136369.298827
619,136408.456299
620,136424.796155
621,136414.148841
622,136438.003361
623,136482.597963
624,136399.068744
625,136264.40781
626,136309.829749
627,136308.563242
628,136297.775813
629,136343.128986
630,136309.819651
631,136330.834471
632,136292.581794
633,136352.287164
634,136305.108478
635,136300.745123
636,136355.314549
637,136377.060208
638,136340.199815
639,136278.397918
640,136302.055293
641,136319.250341
642,136311.7979
643,136342.173912
644,136308.520895
645,136268.45077
646,136288.746396
647,136228.17948
648,136284.041288
649,136247.541253
650,136299.130126
651,136218.957281
652,136332.33121
653,136301.519169
654,136178.775868
655,136241.50896
656,136236.666577
657,136207.290792
658,136280.1938
659,136169.320284
660,136254.06271
661,136265.676554
662,136301.220548
663,136278.683227
664,136235.617272
665,136348.298929
666,136316.443198
667,136223.367842
668,136228.541428
669,136282.473333
670,136281.287815
671,136390.975887
672,136386.170546
673,136337.232007
674,136226.136971
675,136293.082307
676,136191.309001
677,136218.091238
678,136254.94707
679,136280.283871
680,136268.398785
681,136210.536679
682,136288.549202
683,136284.643467
684,136268.299543
685,136265.632205
686,136290.027916
687,136220.888268
688,136205.006822
689,136236.63953
690,136247.215171
691,136242.894532
692,136291.879975
693,136238.715593
694,136388.862812
695,136333.241662
696,136314.193119
697,136280.958543
698,136272.680908
699,136270.70603
700,136312.542353
701,136274.15608
702,136283.716155
703,136218.580092
704,136183.030524
705,136176.985091
706,136175.05531
707,136186.465429
708,136267.829356
709,136263.827471
710,136315.302198
711,136340.244927
712,136311.438112
713,136270.809071
714,136310.644595
715,136302.946138
716,136309.096798
717,136205.474728
718,136243.123421
719,136365.94894
720,136293.495009
721,136228.004163
722,136256.128613
723,136233.103608
724,136207.623078
725,136196.151456
726,136205.555818
727,136235.606443
728,136251.319501
729,136270.617849
730,136350.117473
731,136224.673879
732,136216.262527
733,136224.066819
734,136207.375101
735,136211.109568
736,136181.567339
737,136206.717574
738,136178.24568
739,136213.484232
740,136233.092917
741,136187.342233
742,136170.216757
743,136229.832936
744,136175.060196
745,136156.672307
746,136205.580252
747,136187.774901
748,136107.787833
749,136129.911567
750,136136.003335
751,136201.200685
752,136146.062962
753,136167.944977
754,136145.785208
755,136210.095329
756,136271.197555
757,136229.65968
758,136225.167212
759,136228.948439
760,136134.856306
761,136128.95878
762,136170.345528
763,136168.757356
764,136202.716723
765,136154.835593
766,136208.740717
767,136214.488695
768,136103.745903
769,136137.025727
770,136052.478556
771,136079.246268
772,136071.614786
773,136153.945723
774,136082.72345
775,136043.439508
776,136088.920313
777,136047.306235
778,136111.886428
779,136205.925639
780,136190.742204
781,136112.581672
782,136160.258183
783,136088.532375
784,136136.857554
785,136136.831743
786,136154.913005
787,136179.066754
788,136098.481012
789,136058.424693
790,136077.245703
791,136038.013205
792,136121.603625
793,136030.40245
794,136077.808031
795,136137.547654
796,136129.727978
797,136121.22735
798,136082.221555
799,136022.759272
800,136127.268101
801,136088.908599
802,136151.714915
803,136161.416328
804,136093.675791
805,136100.560825
806,136003.740058
807,136025.147399
808,135983.819496
809,136017.315124
810,135999.663801
811,136033.680766
812,136113.877499
813,136096.06911
814,136059.819192
815,136050.628353
816,136080.632402
817,136016.817966
818,136071.952021
819,136036.018074
820,136093.423941
821,136061.042255
822,136115.127335
823,136090.776107
824,136059.369421
825,136059.028112
826,136095.447457
827,136026.167771
828,136105.937971
829,136050.785906
830,136056.399506
831,136050.376795
832,135991.7653
833,135984.778189
834,135968.819577
835,135917.385384
836,136014.349695
837,135968.202715
838,136048.037525
839,136114.257181
840,136091.711857
841,136164.95863
842,136164.922727
843,136155.887662
844,136110.470196
845,136120.063845
846,136051.323801
847,136057.988634
848,136109.03266
849,136088.627034
850,136073.323246
851,136146.388666
852,136020.593451
853,136029.852285
854,136087.184007
855,135960.015803
856,136007.857865
857,136071.700122
858,136067.194135
859,136059.706009
860,136015.014859
861,136015.071525
862,136079.631721
863,135991.024468
864,136014.722785
865,135950.183014
866,135941.508127
867,135983.262906
868,136004.837929
869,135954.883095
870,136065.707942
871,136047.928471
872,136054.019817
873,135996.252904
874,136000.703715
875,136034.672061
876,136062.492478
877,136002.435193
878,135978.367734
879,135974.518756
880,136003.945032
881,135957.674695
882,135844.371427
883,135960.823516
884,135962.378053
885,135958.271177
886,135949.194498
887,135967.890028
888,135929.201133
889,135902.293214
890,135967.580771
891,136030.881624
892,135979.767389
893,135940.051293
894,135995.88905
895,135931.667913
896,135947.834383
897,135921.580703
898,135992.304428
899,135985.96026
900,135975.251177
901,135936.72812
902,135909.244054
903,135909.829109
904,135899.277606
905,135870.844697
906,135954.078788
907,135891.501074
908,135912.514215
909,135847.489914
910,135923.390427
911,135947.370895
912,135877.540375
913,135976.28831
914,135930.048508
915,135973.898525
916,135938.713056
917,135982.732283
918,135960.335013
919,135922.498444
920,135833.429002
921,135822.112568
922,135885.12157
923,135908.105075
924,135910.363777
925,135873.983139
926,135906.455742
927,135880.578776
928,135852.928035
929,135810.012297
930,135823.295472
931,135872.775387
932,135841.927267
933,135769.645609
934,135860.832809
935,135907.965223
936,135862.119355
937,135836.708144
938,135798.896625
939,135896.35206
940,135865.846458
941,135848.791117
942,135877.075762
943,135872.566479
944,135932.890462
945,135980.325257
946,135935.703219
947,136004.03331
948,135930.714399
949,135940.773208
950,135961.415715
951,135865.211589
952,135862.931608
953,135905.551886
954,136000.19657
955,135964.32091
956,135898.292583
957,135880.334972
958,135906.348086
959,135864.132908
960,135887.078486
961,135863.495332
962,135809.381815
963,135866.511147
964,135838.035445
965,135825.981214
966,135868.82962
967,135862.248601
968,135818.282982
969,135860.746803
970,135826.915805
971,135790.986725
972,135782.390083
973,135758.798103
974,135761.924655
975,135822.317217
976,135804.146597
977,135885.315719
978,135906.314723
979,135864.537476
980,135873.514073
981,135784.269821
982,135820.087405
983,135893.223111
984,135914.487205
985,135875.359178
986,135853.599138
987,135815.333583
988,135834.670729
989,135812.642784
990,135855.763122
991,135811.941072
992,135866.627302
993,135826.371538
994,135830.741054
995,135680.29807
996,135784.906749
997,135840.077004
998,135835.906346
999,135840.260569
1000,135872.67906
1001,135822.283997
1002,135786.218337
1003,135859.355723
1004,135817.019606
1005,135821.316147
1006,135817.188817
1007,135875.703495
1008,135837.799964
1009,135834.109032
1010,135804.073176
1011,135764.628619
1012,135814.402137
1013,135836.034501
1014,135879.363669
1015,135809.223162
1016,135752.118378
1017,135739.688658
1018,135736.386484
1019,135784.897852
1020,135715.991805
1021,135748.713572
1022,135828.907158
1023,135797.700108
1024,135808.945052
1025,135794.008655
1026,135875.030062
1027,135819.497839
1028,135917.052797
1029,135832.650345
1030,135797.017211
1031,135880.379653
1032,135779.925901
1033,135798.414344
1034,135817.462526
1035,135796.377352
1036,135807.594566
1037,135751.928623
1038,135825.881182
1039,135846.663412
1040,135861.775472
1041,135853.261649
1042,135894.65891
1043,135902.497005
1044,135877.244518
1045,135835.869339
1046,135829.387741
1047,135811.024424
1048,135779.766217
1049,135823.465489
1050,135767.826748
1051,135793.714063
1052,135798.902451
1053,135811.281311
1054,135871.543393
1055,135934.801079
1056,135855.434053
1057,135780.719464
1058,135850.424237
1059,135888.264966
1060,135812.248697
1061,135788.017499
1062,135799.587861
1063,135906.350031
1064,135894.624851
1065,135915.24139
1066,135854.439936
1067,135830.62085
1068,135812.354489
1069,135876.810437
1070,135955.204265
1071,135890.801579
1072,135885.404671
1073,135833.214742
1074,135906.151936
1075,135899.744665
1076,135937.912214
1077,135860.528097
1078,135889.795932
1079,135840.707109
1080,135815.325359
1081,135777.286377
1082,135863.527316
1083,135867.858571
1084,135821.793576
1085,135912.864256
1086,135874.336825
1087,135888.747512
1088,135905.386411
1089,136005.675532
1090,135918.45467
1091,135932.205517
1092,135972.690046
1093,135861.98619
1094,135937.398052
1095,135888.317862
1096,135880.439323
1097,135937.837622
1098,135919.772261
1099,135900.918388
1100,135885.423016
1101,135906.621652
1102,135867.061259
1103,135865.831747
1104,135772.950118
1105,135914.187946
1106,135828.407084
1107,135892.92016
1108,135821.438953
1109,135725.585305
1110,135723.843846
1111,135806.737287
1112,135789.96007
1113,135864.425093
1114,135860.974281
1115,135782.890955
1116,135748.587897
1117,135796.242556
1118,135861.904328
1119,135860.694391
1120,135806.018833
1121,135774.044859
1122,135867.909087
1123,135853.689703
1124,135791.356683
1125,135764.764915
1126,135769.025182
1127,135741.102236
1128,135720.176604
1129,135681.898362
1130,135794.378969
1131,135872.20615
1132,135819.136909
1133,135845.36127
1134,135807.755625
1135,135800.653101
1136,135723.662223
1137,135815.757691
1138,135754.331132
1139,135794.630499
1140,135732.015213
1141,135826.189722
1142,135751.417948
1143,135790.603811
1144,135777.843612
1145,135818.355127
1146,135789.052119
1147,135757.769014
1148,135779.446014
1149,135762.495764
1150,135772.409489
1151,135749.031765
1152,135725.765209
1153,135745.831858
1154,135767.785192
1155,135796.69631
1156,135746.359215
1157,135793.95824
1158,135752.665065
1159,135780.761626
1160,135802.284833
1161,135762.305883
1162,135777.1024
1163,135799.863254
1164,135773.159166
1165,135813.355877
1166,135848.553513
1167,135874.312345
1168,135873.042779
1169,135780.134134
1170,135739.804784
1171,135734.532259
1172,135724.403842
1173,135743.703454
1174,135761.886574
1175,135743.94424
1176,135795.722437
1177,135842.678493
1178,135852.582102
1179,135837.58413
1180,135877.133905
1181,135868.719174
1182,135878.257404
1183,135752.78195
1184,135721.368007
1185,135715.316111
1186,135796.797535
1187,135753.255415
1188,135777.829663
1189,135708.040839
1190,135698.711295
1191,135782.920193
1192,135791.257521
1193,135753.993857
1194,135769.795633
1195,135727.437624
1196,135714.38699
1197,135712.298602
1198,135671.666054
1199,135580.299121
1200,135594.643657
1201,135639.286144
1202,135662.655534
1203,135691.670371
1204,135703.139573
1205,135803.98468
1206,135726.394382
1207,135735.647485
1208,135771.068628
1209,135774.934041
1210,135820.220884
1211,135818.82281
1212,135814.505289
1213,135749.900646
1214,135716.820159
1215,135696.064516
1216,135841.734028
1217,135812.344496
1218,135864.087422
1219,135754.919915
1220,135755.004414
1221,135734.307932
1222,135723.7383
1223,135718.401612
1224,135674.015031
1225,135713.466906
1226,135681.558298
1227,135722.946129
1228,135712.380197
1229,135727.211347
1230,135652.393649
1231,135660.02132
1232,135744.674867
1233,135787.872776
1234,135812.666453
1235,135767.643876
1236,135787.191395
1237,135771.095252
1238,135777.73345
1239,135668.410007
1240,135674.405246
1241,135700.240735
1242,135734.714424
1243,135713.004467
1244,135688.007065
1245,135680.361139
1246,135779.366572
1247,135725.394726
1248,135736.874173
1249,135712.589065
1250,135758.656377
1251,135723.898177
1252,135637.115938
1253,135685.162136
1254,135693.476378
1255,135796.440681
1256,135734.571252
1257,135695.316222
1258,135671.498048
1259,135692.413794
1260,135709.621314
1261,135765.295149
1262,135743.862915
1263,135728.470483
1264,135698.447629
1265,135642.416812
1266,135656.903163
1267,135673.294141
1268,135704.913296
1269,135690.306657
1270,135677.088773
1271,135668.838801
1272,135634.085238
1273,135681.913871
1274,135665.010136
1275,135653.409512
1276,135692.312833
1277,135655.238867
1278,135598.853485
1279,135668.968749
1280,135578.57993
1281,135569.998473
1282,135670.920638
1283,135684.103635
1284,135642.180474
1285,135669.670439
1286,135764.665885
1287,135750.451995
1288,135681.206788
1289,135611.795771
1290,135641.976053
1291,135629.797434
1292,135663.701131
1293,135661.496669
1294,135727.412745
1295,135695.672679
1296,135555.754757
1297,135591.047936
1298,135629.138478
1299,135611.184571
1300,135618.990085
1301,135691.766012
1302,135732.610501
1303,135740.843859
1304,135703.386746
1305,135698.622165
1306,135609.259951
1307,135659.279322
1308,135580.099485
1309,135690.016003
1310,135653.11762
1311,135631.638247
1312,135616.022399
1313,135657.889001
1314,135647.067384
1315,135603.428373
1316,135631.625762
1317,135675.13031
1318,135591.8248
1319,135578.14379
1320,135574.820266
1321,135656.996379
1322,135669.327918
1323,135610.836438
1324,135624.643904
1325,135682.619305
1326,135596.707607
1327,135606.557453
1328,135605.6533
1329,135680.243687
1330,135649.666267
1331,135629.380917
1332,135612.754876
1333,135594.811088
1334,135569.312718
1335,135558.627702
1336,135589.063741
1337,135637.941173
1338,135567.832755
1339,135640.968043
1340,135619.911841
1341,135695.64603
1342,135638.514866
1343,135566.895384
1344,135554.830163
1345,135525.429538
1346,135567.098736
1347,135608.902462
1348,135577.298398
1349,135597.290396
1350,135573.672317
1351,135587.482813
1352,135589.403679
1353,135607.297546
1354,135647.543814
1355,135577.471988
1356,135534.257635
1357,135499.680819
1358,135558.915285
1359,135502.891092
1360,135617.521912
1361,135601.186452
1362,135549.173929
1363,135487.008199
1364,135500.227826
1365,135613.978115
1366,135566.367649
1367,135580.009988
1368,135570.787607
1369,135574.896518
1370,135604.283705
1371,135566.26691
1372,135605.2313
1373,135660.908331
1374,135623.532322
1375,135672.337705
1376,135602.691732
1377,135563.398788
1378,135525.387092
1379,135550.098521
1380,135618.111076
1381,135610.696082
1382,135583.558078
1383,135683.975901
1384,135551.916093
1385,135605.226791
1386,135549.890082
1387,135548.888396
1388,135554.236845
1389,135555.106285
1390,135498.471451
1391,135514.314795
1392,135520.930714
1393,135553.110628
1394,135543.96952
1395,135633.556618
1396,135580.891393
1397,135575.619074
1398,135551.443337
1399,135637.617409
1400,135536.393231
1401,135524.38606
1402,135514.982206
1403,135562.084318
1404,135558.912051
1405,135558.046913
1406,135462.252341
1407,135584.661458
1408,135577.454331
1409,135556.04649
1410,135533.864058
1411,135518.209219
1412,135551.276342
1413,135542.889717
1414,135541.104188
1415,135551.680739
1416,135551.521096
1417,135544.873898
1418,135539.987172
1419,135492.714033
1420,135524.996354
1421,135610.417438
1422,135588.099711
1423,135613.738733
1424,135593.198742
1425,135585.279005
1426,135510.440881
1427,135469.614327
1428,135502.138033
1429,135498.513062
1430,135500.797503
1431,135548.452111
1432,135525.566151
1433,135592.530191
1434,135596.858969
1435,135626.204226
1436,135572.97525
1437,135498.912091
1438,135478.536741
1439,135558.979417
1440,135569.322698
1441,135588.526704
1442,135596.246304
1443,135521.077667
1444,135478.134394
1445,135458.701155
1446,135486.07242
1447,135479.883463
1448,135470.484859
1449,135472.721917
1450,135539.746058
1451,135517.935572
1452,135502.753078
1453,135477.05431
1454,135483.652147
1455,135506.25874
1456,135475.099498
1457,135429.734607
1458,135481.105469
1459,135420.194572
1460,135431.649702
1461,135529.386186
1462,135521.66452
1463,135493.189849
1464,135491.155814
1465,135526.859753
1466,135450.581339
1467,135539.909783
1468,135550.522581
1469,135577.081043
1470,135549.461264
1471,135567.811856
1472,135541.268135
1473,135524.003405
1474,135498.621231
1475,135496.567401
1476,135525.560718
1477,135513.053722
1478,135535.560053
1479,135559.105911
1480,135480.585237
1481,135577.08781
1482,135512.911321
1483,135522.471907
1484,135495.23102
1485,135389.724368
1486,135392.429168
1487,135527.258927
1488,135577.450331
1489,135569.048824
1490,135546.943255
1491,135421.707708
1492,135424.121209
1493,135495.782597
1494,135490.748671
1495,135511.509289
1496,135497.149279
1497,135477.456436
1498,135443.491985
1499,135454.069294
1500,135531.479287
1501,135598.24174
1502,135575.516191
1503,135518.677715
1504,135502.088666
1505,135507.289219
1506,135541.556389
1507,135464.498262
1508,135455.390067
1509,135477.505091
1510,135425.126306
1511,135471.245064
1512,135451.11112
1513,135426.950135
1514,135487.530285
1515,135433.620546
1516,135470.347625
1517,135503.011433
1518,135401.390591
1519,135358.849555
1520,135389.341214
1521,135475.050132
1522,135439.266126
1523,135441.639064
1524,135477.497086
1525,135442.45409
1526,135562.498522
1527,135601.762439
1528,135516.714494
1529,135541.732762
1530,135522.853657
1531,135487.290502
1532,135408.871085
1533,135439.124967
1534,135419.793634
1535,135464.934009
1536,135444.044063
1537,135388.235149
1538,135381.14952
1539,135423.768594
1540,135413.776617
1541,135439.879861
1542,135433.863601
1543,135487.351338
1544,135425.157447
1545,135421.6998
1546,135461.937231
1547,135495.599242
1548,135484.429121
1549,135483.148585
1550,135405.129927
1551,135480.672044
1552,135493.372797
1553,135449.688467
1554,135484.627215
1555,135540.326781
1556,135495.04002
1557,135493.046499
1558,135529.168278
1559,135528.904731
1560,135484.985773
1561,135524.029786
1562,135393.431119
1563,135388.114417
1564,135391.274882
1565,135476.811132
1566,135425.918329
1567,135419.356483
1568,135504.255033
1569,135528.006247
1570,135467.442946
1571,135431.901
1572,135432.441497
1573,135417.592968
1574,135422.346273
1575,135407.153188
1576,135390.04056
1577,135439.562791
1578,135465.266466
1579,135457.177158
1580,135503.578911
1581,135466.239414
1582,135452.44699
1583,135402.591347
1584,135465.36534
1585,135493.632173
1586,135445.025201
1587,135401.048682
1588,135396.067519
1589,135424.771071
1590,135442.101976
1591,135495.643204
1592,135488.812706
1593,135519.638891
1594,135500.403093
1595,135475.108117
1596,135469.839732
1597,135482.133575
1598,135461.672053
1599,135490.453398
1600,135417.620588
1601,135380.838319
1602,135423.089692
1603,135390.035891
1604,135411.188455
1605,135329.996111
1606,135395.179864
1607,135332.202169
1608,135371.455719
1609,135409.425998
1610,135402.049088
1611,135407.4189
1612,135387.523746
1613,135418.529704
1614,135433.489075
1615,135437.78991
1616,135383.630899
1617,135422.587451
1618,135399.267235
1619,135361.714038
1620,135352.42184
1621,135310.886185
1622,135365.174655
1623,135350.243675
1624,135291.474099
1625,135358.415046
1626,135371.266241
1627,135439.838046
1628,135442.791165
1629,135445.1179
1630,135453.562145
1631,135434.184523
1632,135435.18764
1633,135340.761845
1634,135400.93384
1635,135380.18411
1636,135383.520781
1637,135423.495026
1638,135387.548486
1639,135405.5047
1640,135398.391569
1641,135366.298202
1642,135424.541745
1643,135417.430933
1644,135446.426772
1645,135447.478721
1646,135467.736569
1647,135485.398444
1648,135463.034754
1649,135447.659252
1650,135475.135431
1651,135463.323503
1652,135518.197092
1653,135447.184496
1654,135495.524379
1655,135433.978501
1656,135442.563908
1657,135376.081697
1658,135491.416505
1659,135479.708742
1660,135387.833972
1661,135381.752428
1662,135388.22498
1663,135456.529238
1664,135370.496209
1665,135419.700389
1666,135368.764572
1667,135347.264575
1668,135334.25102
1669,135329.047104
1670,135312.426533
1671,135357.989073
1672,135432.628596
1673,135392.994075
1674,135419.094814
1675,135443.671832
1676,135386.463965
1677,135425.779465
1678,135477.149726
1679,135476.513286
1680,135446.399456
1681,135392.520922
1682,135351.336498
1683,135404.771966
1684,135409.435892
1685,135360.646908
1686,135316.938767
1687,135277.02302
1688,135284.894961
1689,135264.60295
1690,135349.244029
1691,135352.704298
1692,135359.381223
1693,135299.494509
1694,135251.945623
1695,135330.742036
1696,135318.587682
1697,135310.765257
1698,135378.153314
1699,135413.091165
1700,135398.106568
1701,135275.721661
1702,135365.863821
1703,135337.710596
1704,135375.745311
1705,135316.29816
1706,135303.334351
1707,135327.660815
1708,135325.114914
1709,135273.648484
1710,135300.058875
1711,135288.4413
1712,135328.809464
1713,135320.112244
1714,135391.557948
1715,135377.454823
1716,135335.691768
1717,135313.263078
1718,135343.265871
1719,135334.460499
1720,135301.45585
1721,135305.005439
1722,135308.680865
1723,135308.391797
1724,135353.621144
1725,135418.317603
1726,135391.395855
1727,135336.508246
1728,135341.604868
1729,135317.246701
1730,135300.494986
1731,135306.683609
1732,135259.715956
1733,135303.798373
1734,135272.097473
1735,135185.592337
1736,135222.431935
1737,135211.082401
1738,135272.05058
1739,135258.996118
1740,135231.638963
1741,135235.092769
1742,135265.565692
1743,135267.134706
1744,135228.324338
1745,135257.245446
1746,135267.592601
1747,135262.393527
1748,135212.168125
1749,135244.017796
1750,135248.886595
1751,135320.434419
1752,135300.139239
1753,135272.780849
1754,135260.595131
1755,135330.09096
1756,135269.372298
1757,135218.319176
1758,135228.348326
1759,135268.800439
1760,135224.580424
1761,135262.219342
1762,135207.652605
1763,135254.513479
1764,135210.467772
1765,135182.387014
1766,135300.407063
1767,135355.785371
1768,135275.637839
1769,135265.489446
1770,135284.41701
1771,135341.77686
1772,135262.970776
1773,135318.482831
1774,135312.354587
1775,135367.414075
1776,135363.751426
1777,135377.100831
1778,135351.941027
1779,135317.375095
1780,135286.761223
1781,135302.940271
1782,135347.719392
1783,135329.321813
1784,135284.661677
1785,135254.658889
1786,135313.443223
1787,135308.738156
1788,135317.492784
1789,135335.359016
1790,135394.328662
1791,135381.150873
1792,135283.709381
1793,135326.448078
1794,135279.050997
1795,135404.165998
1796,135330.789115
1797,135337.165072
1798,135320.902444
1799,135284.114471
1800,135325.238963
1801,135356.292428
1802,135364.954924
1803,135350.077064
1804,135298.579133
1805,135357.191572
1806,135300.790787
1807,135316.683496
1808,135329.566224
1809,135371.749465
1810,135279.088042
1811,135265.387357
1812,135278.296435
1813,135268.331113
1814,135250.571314
1815,135271.411569
1816,135242.139275
1817,135318.994151
1818,135305.701051
1819,135330.270787
1820,135299.330985
1821,135246.925028
1822,135325.128638
1823,135309.766846
1824,135347.514112
1825,135329.068718
1826,135393.846946
1827,135323.766645
1828,135349.641674
1829,135384.981134
1830,135317.875549
1831,135290.67051
1832,135300.549667
1833,135319.547039
1834,135314.759831
1835,135326.267952
1836,135304.714279
1837,135284.455118
1838,135371.146277
1839,135332.845863
1840,135383.709142
1841,135310.793684
1842,135335.990085
1843,135374.558434
1844,135332.462862
1845,135286.102749
1846,135327.675357
1847,135296.337304
1848,135253.514068
1849,135231.765371
1850,135280.774895
1851,135359.992301
1852,135282.600206
1853,135367.099802
1854,135302.209223
1855,135362.571604
1856,135378.973215
1857,135376.292082
1858,135385.933444
1859,135245.052321
1860,135351.242749
1861,135370.419942
1862,135291.587897
1863,135304.34678
1864,135363.656949
1865,135349.829843
1866,135373.420681
1867,135399.981063
1868,135368.093397
1869,135338.101532
1870,135242.324924
1871,135198.190297
1872,135285.524424
1873,135360.441822
1874,135340.887159
1875,135265.303305
1876,135280.403953
1877,135352.372856
1878,135423.071618
1879,135426.850195
1880,135353.93798
1881,135310.991698
1882,135314.870183
1883,135296.593891
1884,135214.869952
1885,135301.276808
1886,135281.853327
1887,135365.790882
1888,135421.425467
1889,135428.517018
1890,135405.432228
1891,135391.543483
1892,135373.660132
1893,135319.49374
1894,135375.765283
1895,135303.509509
1896,135308.346881
1897,135290.366148
1898,135272.120533
1899,135286.918248
1900,135340.47424
1901,135268.117516
1902,135310.100682
1903,135276.633961
1904,135323.799631
1905,135312.866658
1906,135373.311845
1907,135351.351895
1908,135322.05422
1909,135401.76224
1910,135405.109835
1911,135300.785666
1912,135255.786354
1913,135322.931046
1914,135395.345726
1915,135294.915871
1916,135284.340215
1917,135300.498795
1918,135243.817459
1919,135290.798277
1920,135221.054668
1921,135288.298557
1922,135335.812469
1923,135274.949835
1924,135300.516804
1925,135334.773514
1926,135361.374704
1927,135342.135483
1928,135349.363256
1929,135344.308059
1930,135286.809478
1931,135296.542732
1932,135239.6981
1933,135307.626108
1934,135278.972091
1935,135263.021293
1936,135268.273914
1937,135210.6938
1938,135292.905994
1939,135294.123693
1940,135265.810329
1941,135237.58431
1942,135437.266765
1943,135408.301442
1944,135307.008274
1945,135328.667203
1946,135368.774391
1947,135298.670252
1948,135268.014972
1949,135308.843018
1950,135323.127493
1951,135349.84925
1952,135305.584529
1953,135348.005996
1954,135225.820701
1955,135349.434178
1956,135312.812649
1957,135281.54557
1958,135303.941073
1959,135377.484273
1960,135359.399569
1961,135401.101298
1962,135303.998464
1963,135298.80319
1964,135247.108268
1965,135291.415865
1966,135321.419909
1967,135287.777449
1968,135338.336328
1969,135313.498416
1970,135363.359586
1971,135332.491625
1972,135345.639745
1973,135312.766152
1974,135346.760799
1975,135326.754171
1976,135347.830131
1977,135282.161734
1978,135246.244917
1979,135285.303544
1980,135227.238336
1981,135341.357886
1982,135283.129966
1983,135330.597989
1984,135301.841203
1985,135385.845578
1986,135300.825786
1987,135310.97547
1988,135378.120232
1989,135350.792986
1990,135301.640127
1991,135358.768762
1992,135372.867564
1993,135321.605738
1994,135342.27583
1995,135319.071959
1996,135285.564007
1997,135266.282498
1998,135348.135086
1999,135436.989042
2000,135432.973183
2001,135368.897288
2002,135307.145855
2003,135322.674899
2004,135258.06789
2005,135254.114754
2006,135293.667566
2007,135242.524118
2008,135283.24821
2009,135287.620764
2010,135301.75449
2011,135295.907612
2012,135264.402217
2013,135246.836254
2014,135274.561661
2015,135292.254404
2016,135232.463109
2017,135264.057924
2018,135289.250807
2019,135262.016636
2020,135239.599342
2021,135218.947157
2022,135256.572248
2023,135196.955926
2024,135238.559002
2025,135200.277754
2026,135282.544025
2027,135296.418743
2028,135192.622063
2029,135267.962806
2030,135237.568836
2031,135212.545892
2032,135269.215318
2033,135326.948137
2034,135222.939598
2035,135255.815628
2036,135208.183521
2037,135230.463065
2038,135317.476376
2039,135297.382016
2040,135284.111307
2041,135273.502148
2042,135300.058502
2043,135348.207981
2044,135294.663012
2045,135267.364522
2046,135242.403709
2047,135185.592346
2048,135220.71935
2049,135237.166188
2050,135253.615579
2051,135198.260321
2052,135215.887715
2053,135155.277385
2054,135260.400324
2055,135325.381431
2056,135302.76025
2057,135192.271463
2058,135251.876954
2059,135161.882382
2060,135181.133804
2061,135138.638966
2062,135155.574898
2063,135232.922225
2064,135169.997916
2065,135200.55245
2066,135185.154002
2067,135100.729669
2068,135135.951988
2069,135199.11577
2070,135227.861076
2071,135142.369774
2072,135248.974116
2073,135244.944051
2074,135115.621153
2075,135073.976279
2076,135233.71446
2077,135201.969139
2078,135236.627937
2079,135205.003529
2080,135229.453827
2081,135253.137994
2082,135249.021063
2083,135181.194802
2084,135192.943043
2085,135162.699016
2086,135170.007356
2087,135148.093519
2088,135108.68813
2089,135082.113514
2090,135223.899345
2091,135229.798869
2092,135223.367479
2093,135169.733693
2094,135233.697662
2095,135256.42755
2096,135293.630318
2097,135197.734248
2098,135230.168927
2099,135241.546643
2100,135250.248275
2101,135228.452106
2102,135129.270683
2103,135223.371081
2104,135237.268734
2105,135318.133062
2106,135256.162521
2107,135205.504989
2108,135201.743882
2109,135220.689599
2110,135204.578809
2111,135266.094763
2112,135282.88379
2113,135251.421595
2114,135224.229103
2115,135220.845649
2116,135193.884064
2117,135215.389458
2118,135203.454537
2119,135226.860159
2120,135269.567345
2121,135244.211796
2122,135205.200435
2123,135208.175319
2124,135145.444797
2125,135108.593116
2126,135106.302582
2127,135156.000424
2128,135135.283817
2129,135134.454583
2130,135156.685621
2131,135163.55301
2132,135175.687837
2133,135140.594716
2134,135150.040191
2135,135162.824221
2136,135194.471887
2137,135216.009683
2138,135230.795446
2139,135131.243485
2140,135119.364818
2141,135179.866256
2142,135170.780047
2143,135158.373494
2144,135178.513867
2145,135211.882617
2146,135211.223075
2147,135169.906083
2148,135228.734295
2149,135179.073575
2150,135219.402323
2151,135211.779358
2152,135253.223599
2153,135218.191883
2154,135214.255994
2155,135253.208969
2156,135201.507444
2157,135168.992225
2158,135205.614583
2159,135189.77927
2160,135200.992254
2161,135158.398102
2162,135235.15375
2163,135156.577301
2164,135138.06766
2165,135148.543809
2166,135124.012527
2167,135176.176107
2168,135164.096297
2169,135044.099725
2170,135097.592163
2171,135189.170493
2172,135166.310643
2173,135138.042973
2174,135026.53655
2175,135175.396541
2176,135206.260611
2177,135098.943521
2178,135115.129929
2179,135051.497404
2180,135109.784185
2181,135127.024335
2182,135107.914765
2183,135116.076971
2184,135117.10665
2185,135107.961232
2186,135064.630451
2187,135030.168418
2188,135044.756703
2189,135059.739053
2190,135119.662551
2191,135128.858223
2192,135164.834649
2193,135142.913046
2194,135070.220309
2195,135079.846939
2196,135141.799592
2197,135114.716469
2198,135159.147913
2199,135169.454634
2200,135062.824467
2201,135021.040686
2202,135093.0693
2203,135052.97608
2204,135063.28802
2205,135204.568173
2206,135143.071151
2207,135107.408364
2208,135149.425544
2209,135065.23539
2210,135128.380891
2211,135083.676983
2212,135121.274419
2213,135131.179721
2214,135165.680171
2215,135151.27358
2216,135136.132309
2217,135166.930429
2218,135116.318561
2219,135150.681231
2220,135114.240551
2221,135124.875895
2222,135076.887581
2223,135020.600758
2224,135079.095302
2225,135108.882028
2226,135050.349475
2227,135180.028355
2228,135210.541616
2229,135125.979257
2230,135164.615441
2231,135173.913224
2232,135171.986237
2233,135181.415406
2234,135172.557757
2235,135186.349405
2236,135162.232885
2237,135125.813069
2238,135160.887412
2239,135139.494447
2240,135157.014576
2241,135169.277124
2242,135161.94765
2243,135217.31945
2244,135116.680752
2245,135186.053632
2246,135221.923311
2247,135201.865799
2248,135187.982301
2249,135150.458469
2250,135141.725562
2251,135147.6338
2252,135153.13597
2253,135150.529642
2254,135136.630403
2255,135053.752607
2256,135092.755569
2257,135030.899683
2258,135146.169741
2259,135180.723334
2260,135278.603939
2261,135253.225714
2262,135136.741509
2263,135223.52236
2264,135210.156384
2265,135228.284937
2266,135308.437995
2267,135207.963841
2268,135143.812621
2269,135189.237882
2270,135164.342791
2271,135163.392301
2272,135135.340689
2273,135213.562293
2274,135153.040506
2275,135149.412112
2276,135126.375037
2277,135158.883507
2278,135139.727482
2279,135061.198044
2280,135142.131364
2281,135139.509348
2282,135148.724468
2283,135171.009495
2284,135126.240235
2285,135143.90178
2286,135129.213547
2287,135201.668654
2288,135188.318784
2289,135186.69093
2290,135182.990426
2291,135237.809524
2292,135119.93932
2293,135060.277359
2294,135119.850904
2295,135092.624468
2296,135112.41879
2297,135066.544984
2298,135042.43393
2299,135087.677785
2300,135117.521167
2301,135148.636688
2302,135174.801198
2303,135113.194478
2304,135139.097595
2305,135143.991348
2306,135059.354689
2307,135126.139594
2308,135096.994934
2309,135070.128312
2310,135126.751569
2311,135107.86104
2312,135039.666573
2313,135086.050814
2314,135082.114591
2315,135083.314375
2316,135109.518941
2317,135147.466615
2318,135159.477107
2319,135147.342244
2320,135161.235431
2321,135141.736726
2322,135172.397183
2323,135084.782929
2324,135144.178509
2325,135102.348878
2326,135151.629236
2327,135204.558719
2328,135169.923745
2329,135111.428245
2330,135066.366631
2331,135055.116012
2332,135080.278777
2333,135077.196226
2334,135070.921021
2335,135060.264074
2336,135135.462576
2337,135149.028135
2338,135184.233661
2339,135136.702392
2340,135040.9977
2341,135106.111976
2342,135149.542934
2343,135184.96513
2344,135192.946345
2345,135154.721976
2346,135122.154949
2347,135062.152333
2348,135094.09638
2349,135159.838293
2350,135096.374527
2351,135140.553924
2352,135090.045067
2353,135013.232896
2354,134917.245291
2355,134977.696444
2356,135027.790324
2357,135081.813427
2358,135013.401656
2359,135020.323548
2360,135053.160475
2361,135116.397911
2362,135076.807277
2363,135107.480801
2364,135089.389691
2365,135092.661006
2366,135080.667515
2367,135033.257068
2368,135102.707709
2369,135107.975622
2370,135027.201916
2371,135029.109147
2372,135079.094727
2373,135108.786897
2374,134990.440426
2375,135052.850674
2376,135070.301494
2377,135093.427839
2378,135067.447967
2379,135031.522257
2380,135092.52035
2381,134951.147736
2382,134988.518691
2383,134945.256523
2384,134963.171443
2385,135039.347034
2386,135015.44936
2387,135033.08488
2388,134998.142834
2389,135061.067797
2390,135100.185435
2391,135033.876744
2392,135059.120463
2393,135096.096231
2394,135055.547155
2395,135063.401719
2396,135067.769674
2397,135094.965319
2398,135074.648997
2399,135082.60433
2400,135117.803371
2401,135086.88602
2402,135128.308491
2403,135153.203281
2404,135134.013758
2405,135056.946487
2406,135083.060801
2407,135128.599953
2408,135076.783842
2409,135113.030558
2410,135145.314583
2411,135071.124355
2412,135134.360244
2413,135089.612814
2414,135175.000363
2415,135107.320908
2416,135136.558903
2417,135093.971916
2418,135080.907108
2419,135125.721508
2420,135073.766455
2421,135135.607915
2422,135093.70305
2423,135082.028952
2424,135084.048201
2425,135082.175211
2426,135064.452804
2427,135107.335503
2428,135062.689109
2429,135067.074134
2430,135122.853198
2431,135109.098529
2432,135066.059654
2433,134971.257422
2434,135128.584515
2435,135066.394906
2436,135059.042419
2437,135108.559268
2438,135050.293418
2439,135087.41619
2440,135076.402537
2441,135116.501542
2442,135041.864529
2443,135042.384523
2444,135030.887779
2445,135085.798096
2446,135034.739798
2447,134969.777882
2448,134966.736059
2449,134933.60801
2450,135038.293798
2451,134998.723703
2452,135040.207774
2453,135030.613555
2454,135127.605712
2455,135099.271339
2456,135080.164023
2457,135040.221115
2458,135024.758249
2459,135029.975759
2460,135079.810915
2461,135024.976042
2462,134974.190085
2463,135029.613951
2464,134982.646379
2465,134941.492052
2466,134942.610339
2467,134977.16825
2468,134999.347317
2469,135060.44887
2470,135109.51728
2471,135064.808697
2472,135029.92372
2473,135047.617752
2474,135031.814494
2475,135018.63624
2476,135129.649762
2477,135060.645561
2478,135035.404752
2479,135092.152774
2480,135034.18194
2481,135051.831073
2482,135050.419338
2483,135084.465146
2484,135125.186011
2485,135083.491265
2486,135081.506368
2487,135055.709981
2488,135011.6329
2489,135066.487848
2490,135116.046518
2491,135072.420942
2492,135003.403058
2493,135036.355308
2494,135045.258874
2495,134991.999348
2496,135004.355026
2497,134987.107676
2498,134971.951627
2499,134954.348646
2500,135008.456588
2501,135062.364638
2502,135035.97281
2503,135031.117658
2504,135102.819166
2505,135050.395627
2506,135067.640068
2507,135029.031156
2508,135058.615459
2509,135064.260967
2510,135031.591016
2511,134988.576053
2512,135110.48869
2513,135087.989847
2514,135017.02715
2515,134973.696154
2516,134939.291858
2517,135011.266715
2518,135015.872619
2519,135025.450147
2520,135023.467491
2521,135031.758566
2522,135080.045168
2523,135094.87073
2524,135068.384755
2525,135006.251877
2526,134990.962695
2527,134994.522984
2528,135063.142
2529,134948.123261
2530,134952.016191
2531,135038.462758
2532,135115.119832
2533,135073.904588
2534,135040.523779
2535,135039.71541
2536,135040.7631
2537,135027.103144
2538,135095.878862
2539,135086.675589
2540,135032.615808
2541,135073.081374
2542,135007.999642
2543,135027.149846
2544,134970.868565
2545,134855.637014
2546,134966.879379
2547,135031.243425
2548,134960.501266
2549,134914.625501
2550,134933.173476
2551,134930.792701
2552,134975.873828
2553,135020.608413
2554,134964.794126
2555,134983.619165
2556,134974.0532
2557,134977.432598
2558,134929.077689
2559,134986.520538
2560,134998.123202
2561,134950.555473
2562,135002.113287
2563,135041.24449
2564,135028.303699
2565,135044.57907
2566,134907.959683
2567,135009.710619
2568,134930.420692
2569,134990.71999
2570,135099.465291
2571,135057.450457
2572,135071.618747
2573,135043.4677
2574,134935.648738
2575,135011.491812
2576,135013.917591
2577,134952.943605
2578,134995.426326
2579,134996.142046
2580,134990.049503
2581,135002.503391
2582,135012.536849
2583,135017.185227
2584,135031.163658
2585,135007.898549
2586,134980.836686
2587,134980.257827
2588,135002.807401
2589,135002.047643
2590,135062.13645
2591,135100.903809
2592,134988.585959
2593,134914.735803
2594,134921.581496
2595,135003.304577
2596,135036.532711
2597,135114.318873
2598,135085.076496
2599,135037.537514
2600,135064.365113
2601,135038.565164
2602,135013.38555
2603,135018.475576
2604,135035.424805
2605,135044.772782
2606,135015.900796
2607,134986.992365
2608,135066.756739
2609,135031.166176
2610,135015.36323
2611,134987.365913
2612,134977.997737
2613,134959.413084
2614,135024.077628
2615,134959.48908
2616,134927.119302
2617,134992.215568
2618,135047.575825
2619,135086.616536
2620,135017.502265
2621,134942.566351
2622,134903.697323
2623,134981.940824
2624,135056.089678
2625,134986.910901
2626,134962.855275
2627,135052.417575
2628,135004.57655
2629,134942.268371
2630,134873.724063
2631,134880.24459
2632,134874.117382
2633,134882.293885
2634,134908.825965
2635,134962.201052
2636,134950.066198
2637,135005.201292
2638,135038.087335
2639,134953.127449
2640,134965.689545
2641,134958.43158
2642,134953.521307
2643,134939.770201
2644,135010.50862
2645,134891.159785
2646,134933.825578
2647,134966.184797
2648,134947.991754
2649,134884.079394
2650,134918.429223
2651,134956.007193
2652,134944.607253
2653,134871.404649
2654,134790.517758
2655,134877.017115
2656,134984.212046
2657,134968.657721
2658,134923.105747
2659,134946.755582
2660,134960.10662
2661,134996.924569
2662,134936.291903
2663,134946.056031
2664,134864.684029
2665,134896.421109
2666,134939.30733
2667,134993.773076
2668,134969.119527
2669,134986.114588
2670,134980.991513
2671,135046.627765
2672,135036.203092
2673,135032.421563
2674,134990.561667
2675,134968.440303
2676,134954.863341
2677,134956.079812
2678,134986.498239
2679,134915.639131
2680,134909.226504
2681,134988.151526
2682,134978.327654
2683,134973.608203
2684,134990.021849
2685,134930.75612
2686,134935.403786
2687,134952.560154
2688,135035.607493
2689,135018.789651
2690,135033.025242
2691,134970.428455
2692,134965.594967
2693,134974.310535
2694,134914.62877
2695,134881.664678
2696,134929.828269
2697,134972.221931
2698,134940.123451
2699,134928.498634
2700,134954.004642
2701,134901.765642
2702,134950.720497
2703,135008.810372
2704,135069.501464
2705,135034.240107
2706,135050.249863
2707,135116.897059
2708,135051.116777
2709,135048.383937
2710,134992.805598
2711,134975.433238
2712,135037.958301
2713,135020.892931
2714,135062.380271
2715,134964.859709
2716,135013.10282
2717,134966.358952
2718,135049.532374
2719,135031.739501
2720,135040.567457
2721,135052.538527
2722,134951.771425
2723,135042.853492
2724,134965.247185
2725,134978.365476
2726,134885.804718
2727,134887.620278
2728,134924.76784
2729,134896.114993
2730,134873.875874
2731,134976.244964
2732,134928.646672
2733,134987.343379
2734,134992.128409
2735,134936.900852
2736,134963.720562
2737,134952.309886
2738,135008.633955
2739,135021.713719
2740,134957.980548
2741,134948.749179
2742,134917.964002
2743,134978.601975
2744,134885.160833
2745,134959.766459
2746,134967.711439
2747,134998.810429
2748,134957.880138
2749,134932.555033
2750,134911.384123
2751,134888.133991
2752,134886.496745
2753,134944.800916
2754,134891.500836
2755,134929.267827
2756,134940.349948
2757,134893.825056
2758,134955.028321
2759,134925.771484
2760,134919.812276
2761,134953.683623
2762,134962.879946
2763,134944.607492
2764,134923.431414
2765,134957.174236
2766,135009.956342
2767,134974.735966
2768,134995.0127
2769,134987.111395
2770,134972.125905
2771,134864.789951
2772,134790.528137
2773,134825.7407
2774,134876.280074
2775,134916.814455
2776,134895.706326
2777,134882.152924
2778,134888.527439
2779,134923.26532
2780,134966.08295
2781,134935.297543
2782,134877.33266
2783,134916.75949
2784,134979.545458
2785,134911.702426
2786,134916.612826
2787,134878.832265
2788,134864.309863
2789,134798.087891
2790,134820.64796
2791,134854.249383
2792,134869.051131
2793,134678.886158
2794,134728.572474
2795,134790.098884
2796,134852.520341
2797,134832.222738
2798,134941.064988
2799,134867.405441
2800,134833.108711
2801,134828.740236
2802,134822.306548
2803,134825.42554
2804,134816.979603
2805,134854.731793
2806,134901.029915
2807,134799.708366
2808,134759.639476
2809,134837.41797
2810,134802.85779
2811,134857.460315
2812,134821.949597
2813,134806.742726
2814,134831.036263
2815,134869.537757
2816,134863.637999
2817,134891.249495
2818,134868.901951
2819,134905.349326
2820,134890.773238
2821,134854.737453
2822,134902.475018
2823,134914.565209
2824,134914.45043
2825,134896.518655
2826,134899.077143
2827,134821.918517
2828,134793.301047
2829,134807.699562
2830,134833.881765
2831,134874.367712
2832,134825.536614
2833,134855.752426
2834,134791.264321
2835,134806.735688
2836,134918.332662
2837,134947.805688
2838,134913.335759
2839,134845.238168
2840,134836.790678
2841,134885.850575
2842,134837.37012
2843,134791.557142
2844,134873.220313
2845,134860.011329
2846,134810.401653
2847,134779.005171
2848,134896.198505
2849,134845.068919
2850,134794.554332
2851,134798.497619
2852,134844.985073
2853,134828.239962
2854,134851.184044
2855,134873.822986
2856,134832.507364
2857,134828.074514
2858,134847.592031
2859,134946.543395
2860,134916.6598
2861,134879.834085
2862,134929.19684
2863,134894.619575
2864,134906.671898
2865,134828.572265
2866,134858.319353
2867,134841.283454
2868,134842.639016
2869,134931.794045
2870,134922.776293
2871,134943.163741
2872,134951.724756
2873,134900.44941
2874,134950.608456
2875,134944.878041
2876,134826.609808
2877,134886.722353
2878,134883.469855
2879,134856.78626
2880,134845.381017
2881,134868.422972
2882,134802.687923
2883,134913.039693
2884,134817.239503
2885,134807.767591
2886,134913.034961
2887,134855.474819
2888,134931.642862
2889,134905.532946
2890,134822.33572
2891,134876.743354
2892,134776.75058
2893,134864.981311
2894,134852.862482
2895,134881.739347
2896,134778.734008
2897,134797.185693
2898,134766.96944
2899,134818.705045
2900,134856.710331
2901,134834.692807
2902,134870.059165
2903,134842.14442
2904,134826.015884
2905,134852.653345
2906,134848.666646
2907,134890.269502
2908,134836.111945
2909,134806.670799
2910,134733.917776
2911,134795.720709
2912,134802.494806
2913,134755.549235
2914,134738.794615
2915,134745.484214
2916,134724.209917
2917,134719.708084
2918,134756.164728
2919,134744.227179
2920,134749.841055
2921,134815.204955
2922,134812.135199
2923,134820.080856
2924,134812.647777
2925,134767.589041
2926,134812.660105
2927,134782.32494
2928,134757.916398
2929,134855.802683
2930,134821.862761
2931,134778.390433
2932,134805.255407
2933,134846.227255
2934,134798.548791
2935,134764.584814
2936,134820.684539
2937,134795.130437
2938,134770.633483
2939,134823.229418
2940,134843.217643
2941,134799.987937
2942,134791.88055
2943,134772.745212
2944,134727.360457
2945,134729.136977
2946,134813.183629
2947,134827.795575
2948,134833.298669
2949,134832.787761
2950,134851.482171
2951,134793.225288
2952,134898.182915
2953,134810.41158
2954,134754.664236
2955,134787.056021
2956,134854.933917
2957,134769.839759
2958,134718.424115
2959,134817.479452
2960,134912.821178
2961,134827.521178
2962,134874.631844
2963,134877.890196
2964,134830.347103
2965,134894.753748
2966,134825.486278
2967,134866.120682
2968,134934.194227
2969,134877.134923
2970,134904.912932
2971,134913.927314
2972,134867.870599
2973,134860.503678
2974,134810.485612
2975,134868.918032
2976,134841.478903
2977,134870.582133
2978,134869.326649
2979,134852.838659
2980,134844.323537
2981,134848.756798
2982,134867.076582
2983,134860.545268
2984,134861.71148
2985,134859.217083
2986,134873.044157
2987,134800.973401
2988,134813.744203
2989,134825.846501
2990,134839.011506
2991,134799.913813
2992,134827.426137
2993,134881.853021
2994,134802.83414
2995,134813.861494
2996,134814.16736
2997,134823.579338
2998,134829.667021
2999,134819.430127
3000,134767.480293
3001,134807.576074
3002,134863.367315
3003,134852.278394
3004,134879.706671
3005,134855.867294
3006,134880.602046
3007,134893.133205
3008,134848.302139
3009,134823.56
3010,134764.788581
3011,134776.584886
3012,134818.471902
3013,134748.517604
3014,134791.593151
3015,134690.622281
3016,134778.680691
3017,134732.355025
3018,134761.735983
3019,134788.522193
3020,134833.398843
3021,134817.868274
3022,134823.932018
3023,134823.550892
3024,134881.509221
3025,134905.681714
3026,134925.173605
3027,134956.468281
3028,134914.812845
3029,134863.95985
3030,134913.232491
3031,134838.495059
3032,134865.809315
3033,134847.234668
3034,134858.899799
3035,134798.860729
3036,134811.481126
3037,134856.112639
3038,134867.067224
3039,134838.058735
3040,134740.652689
3041,134772.893719
3042,134811.216085
3043,134854.210238
3044,134750.319383
3045,134690.79564
3046,134715.260944
3047,134730.696428
3048,134787.189366
3049,134784.352344
3050,134838.252384
3051,134794.941497
3052,134809.882338
3053,134842.981865
3054,134837.304294
3055,134878.189307
3056,134881.319335
3057,134875.439042
3058,134913.011202
3059,134831.567881
3060,134848.33024
3061,134803.568777
3062,134858.366654
3063,134878.817527
3064,134885.642004
3065,134881.726275
3066,134894.604917
3067,134870.498679
3068,134831.942685
3069,134858.557378
3070,134782.038744
3071,134802.348078
3072,134906.162226
3073,134935.88503
3074,134882.731625
3075,134820.818432
3076,134760.688506
3077,134821.473898
3078,134840.456388
3079,134818.918817
3080,134894.496471
3081,134745.427138
3082,134829.090317
3083,134771.061141
3084,134860.192489
3085,134891.162979
3086,134961.969229
3087,134849.828054
3088,134798.221366
3089,134837.669435
3090,134786.45143
3091,134802.838772
3092,134759.041367
3093,134770.677852
3094,134792.588477
3095,134796.965477
3096,134868.349304
3097,134881.339119
3098,134858.318472
3099,134776.022432
3100,134768.002993
3101,134763.990994
3102,134746.312045
3103,134811.191703
3104,134777.840364
3105,134790.603894
3106,134832.745557
3107,134927.578946
3108,134854.00298
3109,134845.965486
3110,134800.264367
3111,134829.144381
3112,134863.0323
3113,134786.406135
3114,134829.88147
3115,134830.05347
3116,134866.371301
3117,134778.236782
3118,134800.424125
3119,134846.563632
3120,134844.634823
3121,134921.349891
3122,134838.282432
3123,134866.645898
3124,134914.43461
3125,134873.85183
3126,134831.729012
3127,134808.891759
3128,134761.522828
3129,134738.079971
3130,134774.227007
3131,134818.184092
3132,134809.827558
3133,134784.794329
3134,134806.044443
3135,134823.967012
3136,134879.090578
3137,134867.580084
3138,134840.586386
3139,134852.638879
3140,134778.428657
3141,134716.458926
3142,134774.094493
3143,134776.591904
3144,134830.24586
3145,134831.532327
3146,134866.126998
3147,134838.545616
3148,134829.780041
3149,134801.640487
3150,134824.490894
3151,134792.218138
3152,134854.766627
3153,134751.770756
3154,134740.599369
3155,134844.752273
3156,134848.574274
3157,134905.206064
3158,134849.965219
3159,134846.719344
3160,134784.437625
3161,134752.126919
3162,134778.634193
3163,134773.608787
3164,134813.027728
3165,134849.933096
3166,134841.989394
3167,134899.813202
3168,134854.942234
3169,134838.211274
3170,134835.132153
3171,134802.977447
3172,134804.204239
3173,134701.52325
3174,134789.180487
3175,134729.075835
3176,134786.035999
3177,134792.06027
3178,134681.920388
3179,134765.896784
3180,134776.514345
3181,134677.352706
3182,134760.123158
3183,134778.877814
3184,134769.677733
3185,134794.159004
3186,134801.517753
3187,134795.305482
3188,134809.476833
3189,134841.627311
3190,134748.095957
3191,134819.770694
3192,134753.582711
3193,134770.461586
3194,134824.550598
3195,134764.423086
3196,134743.678951
3197,134733.76947
3198,134813.076185
3199,134800.031873
3200,134801.675718
3201,134790.957377
3202,134800.993338
3203,134788.352741
3204,134832.119987
3205,134742.748509
3206,134688.39235
3207,134775.002719
3208,134852.163573
3209,134841.397467
3210,134826.945888
3211,134753.274638
3212,134852.548238
3213,134761.383989
3214,134794.528267
3215,134820.257878
3216,134785.074781
3217,134776.279999
3218,134789.029123
3219,134783.508005
3220,134811.026642
3221,134755.690498
3222,134822.307373
3223,134799.924648
3224,134840.369426
3225,134803.247021
3226,134741.127332
3227,134789.846848
3228,134782.889671
3229,134836.415199
3230,134790.369565
3231,134790.67235
3232,134745.125488
3233,134757.8147
3234,134718.830493
3235,134716.741969
3236,134780.627929
3237,134731.981726
3238,134730.345789
3239,134740.496167
3240,134693.204533
3241,134723.389656
3242,134779.941431
3243,134703.575278
3244,134806.334573
3245,134695.963947
3246,134712.554529
3247,134733.125237
3248,134744.214584
3249,134858.838543
3250,134796.97084
3251,134727.495137
3252,134724.369115
3253,134753.68125
3254,134758.879238
3255,134770.200253
3256,134724.825951
3257,134709.255649
3258,134719.525665
3259,134576.760375
3260,134613.938892
3261,134646.954009
3262,134659.959403
3263,134792.53245
3264,134858.448284
3265,134748.433277
3266,134758.255692
3267,134736.27378
3268,134837.554703
3269,134849.402832
3270,134785.156738
3271,134776.490915
3272,134788.796183
3273,134815.176023
3274,134831.280617
3275,134870.224033
3276,134839.735025
3277,134815.957847
3278,134841.57555
3279,134757.548203
3280,134834.815252
3281,134801.118276
3282,134771.737402
3283,134744.486383
3284,134775.98728
3285,134795.589052
3286,134758.004425
3287,134809.100305
3288,134783.78183
3289,134816.21059
3290,134698.098752
3291,134723.887193
3292,134814.631365
3293,134752.91709
3294,134698.673435
3295,134747.444964
3296,134688.423431
3297,134735.584862
3298,134766.279031
3299,134780.49374
3300,134819.043001
3301,134712.632248
3302,134675.908657
3303,134692.354283
3304,134723.814821
3305,134706.881262
3306,134726.964201
3307,134719.644837
3308,134712.797648
3309,134715.476662
3310,134702.663239
3311,134617.185182
3312,134736.385387
3313,134713.667871
3314,134717.180594
3315,134700.771126
3316,134745.583135
3317,134739.42817
3318,134750.386035
3319,134720.124964
3320,134663.644769
3321,134697.539739
3322,134788.50932
3323,134699.916908
3324,134712.944937
3325,134710.660532
3326,134778.650921
3327,134749.162218
3328,134760.761504
3329,134762.982665
3330,134771.204885
3331,134811.071569
3332,134784.299745
3333,134758.789992
3334,134751.630921
3335,134780.983618
3336,134666.732261
3337,134685.703076
3338,134703.197023
3339,134755.563212
3340,134821.570644
3341,134836.913745
3342,134814.079879
3343,134787.406011
3344,134824.776132
3345,134797.514912
3346,134864.274624
3347,134802.208692
3348,134687.147495
3349,134763.424397
3350,134727.979278
3351,134728.082343
3352,134715.176443
3353,134686.655604
3354,134773.8059
3355,134764.766686
3356,134764.665876
3357,134751.688206
3358,134745.994414
3359,134759.771712
3360,134774.394893
3361,134754.377814
3362,134738.474927
3363,134702.139065
3364,134722.124628
3365,134796.236314
3366,134785.065925
3367,134723.656303
3368,134765.387354
3369,134716.895736
3370,134781.5612
3371,134772.932281
3372,134731.885
3373,134791.72409
3374,134772.772608
3375,134798.205207
3376,134824.840039
3377,134808.851198
3378,134835.491812
3379,134768.759228
3380,134742.260099
3381,134695.582415
3382,134743.955117
3383,134662.45116
3384,134662.707555
3385,134663.122895
3386,134640.509272
3387,134667.955459
3388,134728.30841
3389,134713.552995
3390,134655.780942
3391,134729.222131
3392,134649.747815
3393,134686.124944
3394,134715.579465
3395,134753.04285
3396,134726.617548
3397,134797.936783
3398,134767.805531
3399,134737.851527
3400,134720.840129
3401,134674.514718
3402,134739.552515
3403,134601.715253
3404,134623.124473
3405,134642.542963
3406,134725.162229
3407,134662.603028
3408,134656.625658
3409,134689.523485
3410,134681.202206
3411,134714.552512
3412,134699.693652
3413,134652.670905
3414,134672.156603
3415,134631.255305
3416,134598.473942
3417,134662.37283
3418,134663.868445
3419,134698.901207
3420,134681.341209
3421,134630.551726
3422,134612.59075
3423,134635.055405
3424,134633.924154
3425,134604.459858
3426,134627.345143
3427,134639.582964
3428,134607.814521
3429,134643.515518
3430,134679.47928
3431,134661.632309
3432,134608.300606
3433,134624.053736
3434,134700.544178
3435,134717.384456
3436,134693.448805
3437,134693.921431
3438,134674.620156
3439,134646.615666
3440,134671.233142
3441,134706.176799
3442,134700.3625
3443,134684.297811
3444,134563.030232
3445,134628.266972
3446,134562.340321
3447,134637.216445
3448,134705.738793
3449,134669.629694
3450,134631.633184
3451,134676.873118
3452,134645.263684
3453,134709.120203
3454,134713.764922
3455,134653.667457
3456,134631.519135
3457,134602.387255
3458,134661.463386
3459,134569.770727
3460,134588.090984
3461,134654.615077
3462,134567.441052
3463,134521.84441
3464,134601.488139
3465,134629.58668
3466,134613.647831
3467,134641.21129
3468,134602.513934
3469,134683.597912
3470,134648.713573
3471,134596.381165
3472,134595.833756
3473,134605.577937
3474,134681.358005
3475,134624.481468
3476,134582.613285
3477,134628.186888
3478,134613.258169
3479,134665.755129
3480,134687.39751
3481,134743.338778
3482,134667.489288
3483,134605.902874
3484,134567.919971
3485,134592.814186
3486,134597.270476
3487,134619.317208
3488,134580.493693
3489,134545.425584
3490,134599.903388
3491,134677.587878
3492,134602.111231
3493,134568.538201
3494,134589.629376
3495,134609.881438
3496,134638.532871
3497,134568.626773
3498,134527.445246
3499,134596.974197
3500,134661.927201
3501,134550.852578
3502,134524.681583
3503,134595.509949
3504,134626.51482
3505,134639.323483
3506,134650.028359
3507,134625.898614
3508,134607.006189
3509,134535.32589
3510,134515.72592
3511,134505.115452
3512,134459.176599
3513,134507.212845
3514,134539.191488
3515,134531.427317
3516,134530.54949
3517,134471.935451
3518,134529.30783
3519,134612.58501
3520,134503.575118
3521,134543.737304
3522,134605.629055
3523,134628.111163
3524,134582.037389
3525,134574.033899
3526,134595.928709
3527,134556.48215
3528,134555.495813
3529,134610.46662
3530,134622.246366
3531,134587.652551
3532,134694.198509
3533,134634.610726
3534,134613.154362
3535,134599.389406
3536,134690.758256
3537,134685.93082
3538,134731.100211
3539,134674.837341
3540,134625.222797
3541,134673.383548
3542,134610.848718
3543,134600.226844
3544,134564.264175
3545,134623.85622
3546,134614.596374
3547,134680.339632
3548,134712.266253
3549,134673.27176
3550,134693.122544
3551,134648.533749
3552,134668.346952
3553,134638.482544
3554,134569.467622
3555,134550.167284
3556,134594.169392
3557,134578.681096
3558,134553.90851
3559,134645.157873
3560,134718.962603
3561,134658.603493
3562,134670.152442
3563,134639.435937
3564,134663.117953
3565,134588.163439
3566,134609.540717
3567,134708.219683
3568,134652.755636
3569,134689.790674
3570,134669.816109
3571,134669.476013
3572,134656.329667
3573,134593.587447
3574,134627.070754
3575,134574.066144
3576,134608.032132
3577,134617.455022
3578,134565.793582
3579,134538.035209
3580,134516.425275
3581,134625.020348
3582,134656.039477
3583,134611.484196
3584,134640.78754
3585,134742.46549
3586,134656.986285
3587,134586.245299
3588,134627.652825
3589,134518.137847
3590,134537.17673
3591,134486.556642
3592,134554.575221
3593,134503.996655
3594,134488.845919
3595,134525.120477
3596,134556.436495
3597,134523.503093
3598,134571.459726
3599,134597.933559
3600,134618.29188
3601,134593.909061
3602,134564.73171
3603,134495.200984
3604,134525.182644
3605,134574.20379
3606,134504.401314
3607,134512.851729
3608,134597.200318
3609,134632.635593
3610,134565.546524
3611,134621.203838
3612,134692.585527
3613,134601.588828
3614,134598.340942
3615,134631.925521
3616,134672.090557
3617,134630.352394
3618,134684.124284
3619,134605.121426
3620,134528.981576
3621,134614.591858
3622,134627.898597
3623,134598.340316
3624,134580.580838
3625,134597.459847
3626,134516.864145
3627,134564.277332
3628,134630.492212
3629,134671.374433
3630,134628.893339
3631,134642.899025
3632,134546.873939
3633,134526.751949
3634,134532.127051
3635,134583.509253
3636,134552.155247
3637,134612.973272
3638,134556.19164
3639,134572.117223
3640,134586.360796
3641,134615.28673
3642,134624.437119
3643,134564.713591
3644,134590.173347
3645,134634.550074
3646,134573.27799
3647,134612.68926
3648,134530.862999
3649,134595.681212
3650,134571.084099
3651,134586.680592
3652,134597.435462
3653,134588.017253
3654,134515.015319
3655,134536.408384
3656,134550.991247
3657,134547.161374
3658,134534.382194
3659,134532.69979
3660,134607.211147
3661,134637.821328
3662,134603.983763
3663,134662.89548
3664,134612.957845
3665,134602.898332
3666,134556.4868
3667,134516.387391
3668,134523.975704
3669,134595.174793
3670,134634.653285
3671,134529.578507
3672,134542.182207
3673,134514.540636
3674,134560.78804
3675,134618.393232
3676,134625.242465
3677,134579.284744
3678,134603.557564
3679,134599.468192
3680,134542.00762
3681,134580.494173
3682,134661.956127
3683,134721.15888
3684,134664.767877
3685,134621.378231
3686,134578.371082
3687,134621.72681
3688,134593.202185
3689,134592.799669
3690,134601.439117
3691,134557.06951
3692,134595.121053
3693,134557.872304
3694,134573.597782
3695,134584.252487
3696,134561.567818
3697,134523.145676
3698,134486.895725
3699,134512.614722
3700,134536.115364
3701,134492.733565
3702,134497.20862
3703,134577.870925
3704,134549.808987
3705,134623.562514
3706,134591.189777
3707,134598.848362
3708,134640.079489
3709,134556.800809
3710,134516.271315
3711,134480.665934
3712,134512.049289
3713,134574.777217
3714,134541.210085
3715,134534.188284
3716,134601.157141
3717,134593.578132
3718,134527.598431
3719,134567.775926
3720,134470.679934
3721,134452.157408
3722,134438.455327
3723,134550.973026
3724,134620.041682
3725,134571.033636
3726,134549.661103
3727,134578.528757
3728,134553.287538
3729,134633.827065
3730,134517.746805
3731,134504.433357
3732,134532.74467
3733,134614.464165
3734,134655.139678
3735,134596.898858
3736,134696.069703
3737,134597.452909
3738,134578.68603
3739,134539.800036
3740,134557.882129
3741,134502.015791
3742,134493.111458
3743,134504.40113
3744,134573.67915
3745,134622.016525
3746,134657.501305
3747,134583.890399
3748,134640.543395
3749,134643.989438
3750,134595.442076
3751,134648.745779
3752,134603.862056
3753,134618.872567
3754,134560.670334
3755,134524.110756
3756,134494.5673
3757,134514.885911
3758,134584.191198
3759,134585.216793
3760,134593.037938
3761,134649.418157
3762,134666.539844
3763,134636.83145
3764,134657.382736
3765,134655.690425
3766,134628.110688
3767,134571.839601
3768,134528.277463
3769,134532.280107
3770,134562.043815
3771,134555.423517
3772,134606.525869
3773,134636.619753
3774,134623.519998
3775,134516.144808
3776,134493.022835
3777,134417.406745
3778,134410.778491
3779,134474.341232
3780,134533.84586
3781,134420.624283
3782,134422.688152
3783,134494.516388
3784,134470.956293
3785,134535.40216
3786,134516.024952
3787,134488.065556
3788,134489.361688
3789,134503.291056
3790,134487.708383
3791,134459.589026
3792,134570.135914
3793,134516.707519
3794,134482.337321
3795,134582.055095
3796,134559.612406
3797,134600.030834
3798,134586.7073
3799,134618.061241
3800,134635.767677
3801,134603.75816
3802,134578.427435
3803,134563.670316
3804,134620.929922
3805,134527.861354
3806,134550.408334
3807,134502.559478
3808,134497.563831
3809,134533.090041
3810,134582.609658
3811,134447.982724
3812,134492.193029
3813,134494.163979
3814,134456.728354
3815,134465.629381
3816,134508.201415
3817,134486.141402
3818,134508.508507
3819,134522.287865
3820,134499.839442
3821,134541.654671
3822,134590.37906
3823,134538.720185
3824,134512.213163
3825,134558.800315
3826,134553.137742
3827,134509.952004
3828,134497.049301
3829,134563.604787
3830,134543.615785
3831,134540.167193
3832,134569.326463
3833,134523.07332
3834,134554.374112
3835,134518.15716
3836,134516.667888
3837,134468.840877
3838,134464.548528
3839,134510.093422
3840,134459.801022
3841,134410.449315
3842,134476.632843
3843,134439.221435
3844,134583.572632
3845,134557.456349
3846,134578.053249
3847,134519.031651
3848,134539.144982
3849,134529.761037
3850,134554.72282
3851,134574.556761
3852,134564.764825
3853,134548.463439
3854,134467.91379
3855,134508.759487
3856,134619.016549
3857,134583.574376
3858,134543.260232
3859,134531.171958
3860,134576.933527
3861,134511.670502
3862,134482.867044
3863,134480.365214
3864,134542.755135
3865,134562.622867
3866,134617.819245
3867,134608.952343
3868,134537.684452
3869,134573.585027
3870,134550.014021
3871,134584.650679
3872,134533.33218
3873,134629.797856
3874,134545.167527
3875,134510.342496
3876,134461.237208
3877,134435.037179
3878,134476.027635
3879,134487.430855
3880,134518.16876
3881,134538.912702
3882,134587.366789
3883,134559.2206
3884,134492.441004
3885,134471.285789
3886,134553.973902
3887,134628.627915
3888,134580.690226
3889,134589.917758
3890,134555.219086
3891,134533.347372
3892,134555.015344
3893,134581.80429
3894,134566.125718
3895,134555.288604
3896,134575.803755
3897,134528.236207
3898,134520.707426
3899,134579.532694
3900,134531.698737
3901,134531.619503
3902,134558.154164
3903,134564.056363
3904,134501.946899
3905,134505.098074
3906,134544.670508
3907,134571.243501
3908,134623.124439
3909,134592.013604
3910,134564.689395
3911,134592.477737
3912,134529.288443
3913,134540.347543
3914,134476.540083
3915,134490.87561
3916,134484.210571
3917,134588.692861
3918,134548.897216
3919,134455.438241
3920,134422.823744
3921,134523.477722
3922,134520.943809
3923,134575.153362
3924,134530.253224
3925,134513.053462
3926,134438.903533
3927,134489.794034
3928,134519.694689
3929,134516.589574
3930,134589.240484
3931,134564.732935
3932,134566.563411
3933,134499.831699
3934,134522.44148
3935,134544.47904
3936,134674.333318
3937,134686.267047
3938,134590.664776
3939,134576.810618
3940,134531.586992
3941,134556.054095
3942,134543.524836
3943,134514.504402
3944,134499.331731
3945,134563.950454
3946,134591.787075
3947,134575.428165
3948,134564.904225
3949,134565.687236
3950,134593.053713
3951,134559.165615
3952,134594.382607
3953,134640.412903
3954,134613.079232
3955,134531.49949
3956,134538.142363
3957,134567.418252
3958,134504.666671
3959,134534.570206
3960,134534.89634
3961,134553.123058
3962,134577.243126
3963,134524.81554
3964,134519.05893
3965,134501.493434
3966,134535.680911
3967,134568.277062
3968,134564.436845
3969,134569.506214
3970,134484.188126
3971,134548.390928
3972,134588.41959
3973,134573.903528
3974,134564.475113
3975,134561.454783
3976,134489.933312
3977,134554.587368
3978,134570.549319
3979,134588.795407
3980,134595.159003
3981,134583.054817
3982,134614.496611
3983,134590.812413
3984,134564.513567
3985,134555.64343
3986,134530.576941
3987,134596.015602
3988,134632.64731
3989,134583.834102
3990,134613.390397
3991,134642.41464
3992,134583.052826
3993,134664.971581
3994,134749.750322
3995,134666.681553
3996,134647.628516
3997,134587.95202
3998,134603.718982
3999,134619.444214
4000,134631.19789
4001,134588.629462
4002,134640.96492
4003,134688.602925
4004,134651.026294
4005,134594.364699
4006,134661.053909
4007,134549.820532
4008,134546.517816
4009,134560.379674
4010,134468.631315
4011,134554.686719
4012,134553.505937
4013,134593.25143
4014,134611.882744
4015,134553.411149
4016,134592.042781
4017,134555.013507
4018,134588.739669
4019,134578.662575
4020,134603.970495
4021,134563.636621
4022,134605.679587
4023,134569.563714
4024,134577.406294
4025,134613.024723
4026,134652.669235
4027,134691.343941
4028,134540.160102
4029,134524.559537
4030,134565.115239
4031,134524.14587
4032,134503.528476
4033,134523.503959
4034,134589.090604
4035,134557.673181
4036,134579.386526
4037,134567.393159
4038,134551.966934
4039,134595.881199
4040,134654.611611
4041,134611.474279
4042,134603.891994
4043,134488.02978
4044,134484.531115
4045,134516.374584
4046,134677.76284
4047,134624.359261
4048,134577.510244
4049,134590.948205
4050,134573.052359
4051,134551.821753
4052,134580.350883
4053,134631.607465
4054,134595.017045
4055,134546.640037
4056,134572.438334
4057,134542.691015
4058,134615.635028
4059,134593.013707
4060,134545.606451
4061,134434.296811
4062,134547.585015
4063,134574.090601
4064,134509.232276
4065,134608.719534
4066,134671.475826
4067,134640.452536
4068,134688.933741
4069,134597.557982
4070,134539.346827
4071,134542.824426
4072,134613.059788
4073,134540.383311
4074,134585.401595
4075,134590.822095
4076,134594.463296
4077,134602.300409
4078,134621.256104
4079,134609.299726
4080,134619.005174
4081,134626.10405
4082,134553.105036
4083,134531.733084
4084,134573.980816
4085,134520.293927
4086,134540.604923
4087,134585.747821
4088,134594.914442
4089,134620.32022
4090,134623.980729
4091,134628.072292
4092,134561.60997
4093,134498.948677
4094,134580.344069
4095,134677.004395
4096,134567.452655
4097,134566.167638
4098,134617.80227
4099,134629.139484
4100,134579.144259
4101,134594.565254
4102,134579.923267
4103,134619.44499
4104,134607.931126
4105,134662.706805
4106,134718.341595
4107,134662.487614
4108,134592.049319
4109,134572.173193
4110,134596.80948
4111,134619.559835
4112,134639.544554
4113,134591.537304
4114,134536.466245
4115,134582.90172
4116,134653.07069
4117,134632.860101
4118,134616.913584
4119,134593.398569
4120,134626.633448
4121,134567.765893
4122,134631.71977
4123,134506.629385
4124,134500.075463
4125,134529.173243
4126,134595.893466
4127,134494.597026
4128,134592.714557
4129,134566.759826
4130,134590.17921
4131,134573.804081
4132,134607.122932
4133,134526.253266
4134,134591.874681
4135,134682.702661
4136,134733.559857
4137,134604.551274
4138,134601.356201
4139,134566.011693
4140,134595.680279
4141,134571.25603
4142,134557.00492
4143,134682.558717
4144,134622.048314
4145,134600.824971
4146,134631.524141
4147,134603.931337
4148,134590.440511
4149,134537.342209
4150,134520.728191
4151,134484.47968
4152,134464.01966
4153,134507.561131
4154,134454.321765
4155,134594.075338
4156,134526.128013
4157,134476.503497
4158,134576.770617
4159,134567.950231
4160,134580.118141
4161,134591.162833
4162,134614.314865
4163,134613.045081
4164,134564.180641
4165,134649.291741
4166,134643.594246
4167,134662.005299
4168,134688.773319
4169,134637.945155
4170,134738.432143
4171,134633.226551
4172,134710.159535
4173,134730.227662
4174,134688.843121
4175,134708.654816
4176,134660.560609
4177,134636.54904
4178,134681.989677
4179,134661.248621
4180,134690.929323
4181,134687.196352
4182,134676.623579
4183,134645.183899
4184,134685.121359
4185,134709.857015
4186,134623.077824
4187,134599.216197
4188,134679.54117
4189,134652.071572
4190,134655.054751
4191,134672.579068
4192,134675.408839
4193,134671.52428
4194,134626.925183
4195,134557.215226
4196,134534.80086
4197,134588.357163
4198,134665.158475
4199,134661.313378
4200,134663.919917
4201,134651.908843
4202,134610.509777
4203,134618.465136
4204,134618.864576
4205,134534.932937
4206,134612.816679
4207,134591.552953
4208,134596.061657
4209,134645.159883
4210,134585.368228
4211,134611.378239
4212,134582.065983
4213,134548.11228
4214,134585.432726
4215,134614.174533
4216,134582.481333
4217,134603.989988
4218,134624.629928
4219,134627.687409
4220,134567.904375
4221,134573.873555
4222,134604.855781
4223,134529.197531
4224,134473.099215
4225,134562.590639
4226,134561.493182
4227,134577.035554
4228,134578.130951
4229,134515.289779
4230,134600.419857
4231,134606.390645
4232,134573.798499
4233,134568.995716
4234,134548.158519
4235,134576.432144
4236,134559.865073
4237,134566.863331
4238,134556.356449
4239,134534.24831
4240,134558.688722
4241,134572.317272
4242,134582.801976
4243,134568.450392
4244,134567.163205
4245,134588.319706
4246,134539.408801
4247,134590.54324
4248,134617.420118
4249,134516.367597
4250,134514.632594
4251,134571.1588
4252,134642.466024
4253,134565.046926
4254,134552.095987
4255,134565.446083
4256,134531.607316
4257,134589.681015
4258,134555.724725
4259,134601.064738
4260,134564.61408
4261,134625.226752
4262,134567.306556
4263,134558.835843
4264,134537.360073
4265,134606.773642
4266,134590.903815
4267,134688.900916
4268,134629.835559
4269,134491.790571
4270,134509.209081
4271,134547.107004
4272,134532.852324
4273,134562.046272
4274,134554.035267
4275,134611.863799
4276,134594.932686
4277,134565.007385
4278,134536.438699
4279,134593.825592
4280,134556.168325
4281,134512.14004
4282,134547.310834
4283,134577.642062
4284,134562.580588
4285,134567.287514
4286,134583.19656
4287,134510.498678
4288,134562.335394
4289,134537.77783
4290,134583.95642
4291,134581.827324
4292,134539.013042
4293,134614.79902
4294,134600.044443
4295,134625.375488
4296,134609.642665
4297,134520.277115
4298,134538.32505
4299,134478.975642
4300,134430.300126
4301,134490.711555
4302,134471.209489
4303,134535.718649
4304,134514.339868
4305,134538.305782
4306,134498.298554
4307,134478.366625
4308,134544.951682
4309,134551.870726
4310,134487.364221
4311,134543.848827
4312,134554.138415
4313,134535.960014
4314,134529.191274
4315,134431.415182
4316,134596.936644
4317,134527.610127
4318,134472.531492
4319,134498.130332
4320,134469.174266
4321,134479.378361
4322,134509.484927
4323,134575.060626
4324,134602.68382
4325,134586.603673
4326,134588.955544
4327,134528.979852
4328,134531.652251
4329,134469.215761
4330,134459.681529
4331,134437.053486
4332,134480.948278
4333,134441.286623
4334,134482.731605
4335,134442.683792
4336,134407.969635
4337,134445.625496
4338,134515.409838
4339,134554.884171
4340,134551.461131
4341,134568.60095
4342,134589.407558
4343,134473.070135
4344,134558.534547
4345,134583.221921
4346,134489.594235
4347,134532.183344
4348,134521.191664
4349,134534.511352
4350,134522.188285
4351,134497.97242
4352,134426.706792
4353,134490.221803
4354,134508.664444
4355,134533.305481
4356,134534.233618
4357,134492.661825
4358,134458.348339
4359,134561.356221
4360,134529.35379
4361,134533.710141
4362,134484.664729
4363,134443.356468
4364,134444.101556
4365,134524.640362
4366,134465.056884
4367,134477.453178
4368,134456.992563
4369,134423.906456
4370,134363.129855
4371,134356.048658
4372,134444.991474
4373,134491.914006
4374,134518.597416
4375,134503.095769
4376,134479.46303
4377,134466.634655
4378,134457.52387
4379,134512.388182
4380,134506.222307
4381,134466.703924
4382,134545.235326
4383,134496.857124
4384,134426.739669
4385,134498.97281
4386,134413.907632
4387,134418.343951
4388,134430.987694
4389,134447.131768
4390,134410.583492
4391,134395.569575
4392,134432.173446
4393,134467.85591
4394,134439.877893
4395,134399.952193
4396,134432.409317
4397,134352.559801
4398,134417.074638
4399,134411.004731
4400,134515.770251
4401,134462.566422
4402,134440.8084
4403,134430.741778
4404,134407.605786
4405,134384.309359
4406,134342.151763
4407,134407.15421
4408,134483.671563
4409,134477.337592
4410,134382.148337
4411,134384.288384
4412,134368.056539
4413,134438.582018
4414,134411.055021
4415,134498.226491
4416,134453.417082
4417,134450.729203
4418,134415.681652
4419,134454.513728
4420,134459.106702
4421,134548.062494
4422,134589.343704
4423,134610.173059
4424,134526.945057
4425,134564.457361
4426,134638.932915
4427,134553.779868
4428,134517.659186
4429,134534.009345
4430,134524.220286
4431,134452.548245
4432,134514.112884
4433,134524.302532
4434,134557.904956
4435,134535.438149
4436,134481.833236
4437,134483.620955
4438,134498.850832
4439,134510.959311
4440,134429.09502
4441,134492.054139
4442,134543.659285
4443,134595.555445
4444,134523.812056
4445,134459.310773
4446,134474.656826
4447,134500.83885
4448,134484.247676
4449,134446.695905
4450,134438.80717
4451,134407.76463
4452,134420.10245
4453,134404.995919
4454,134381.988828
4455,134390.524228
4456,134438.146387
4457,134532.001754
4458,134473.977469
4459,134432.378685
4460,134488.597209
4461,134449.105259
4462,134461.622709
4463,134510.409228
4464,134413.776663
4465,134431.030498
4466,134396.572066
4467,134336.942071
4468,134403.188249
4469,134438.969726
4470,134515.59135
4471,134500.665374
4472,134486.748088
4473,134463.518119
4474,134448.004207
4475,134424.175757
4476,134336.829313
4477,134352.306179
4478,134415.498361
4479,134398.270755
4480,134370.916466
4481,134354.621789
4482,134379.200749
4483,134430.276666
4484,134487.378422
4485,134450.688339
4486,134438.28888
4487,134410.877029
4488,134404.251437
4489,134398.237276
4490,134436.233774
4491,134505.221016
4492,134439.344521
4493,134429.961932
4494,134316.161172
4495,134319.275378
4496,134396.856497
4497,134495.614267
4498,134485.122469
4499,134416.306818
4500,134466.490136
4501,134433.653428
4502,134409.6369
4503,134437.069606
4504,134487.69572
4505,134459.852483
4506,134450.720286
4507,134484.247236
4508,134335.776776
4509,134331.045369
4510,134392.107948
4511,134484.448192
4512,134430.574449
4513,134467.559992
4514,134439.677781
4515,134463.213319
4516,134451.039852
4517,134446.837411
4518,134515.354624
4519,134542.887036
4520,134481.798716
4521,134534.232933
4522,134467.783984
4523,134559.693597
4524,134433.405988
4525,134475.505593
4526,134433.611398
4527,134367.626685
4528,134398.765854
4529,134468.640498
4530,134414.730007
4531,134460.51941
4532,134393.78101
4533,134449.476259
4534,134477.961968
4535,134512.563206
4536,134526.691087
4537,134544.270389
4538,134408.321544
4539,134341.726257
4540,134452.468168
4541,134497.89766
4542,134515.315262
4543,134506.433764
4544,134487.312861
4545,134394.769473
4546,134468.861596
4547,134450.15243
4548,134446.287512
4549,134403.723995
4550,134358.727936
4551,134419.167598
4552,134462.44533
4553,134558.921135
4554,134471.491704
4555,134471.888484
4556,134489.237459
4557,134522.051533
4558,134547.970554
4559,134498.174485
4560,134411.684092
4561,134430.736931
4562,134437.672165
4563,134453.219251
4564,134395.844355
4565,134449.324053
4566,134449.415984
4567,134434.215935
4568,134399.748731
4569,134397.029786
4570,134381.689777
4571,134494.113669
4572,134397.72022
4573,134407.91681
4574,134355.706057
4575,134323.037947
4576,134330.746476
4577,134318.064686
4578,134340.408775
4579,134392.569631
4580,134405.198297
4581,134386.505129
4582,134396.384364
4583,134334.291877
4584,134337.628038
4585,134410.814366
4586,134361.372549
4587,134407.68636
4588,134464.156846
4589,134453.363871
4590,134399.002779
4591,134385.595583
4592,134451.357392
4593,134488.031082
4594,134486.589258
4595,134480.485503
4596,134550.777028
4597,134544.522613
4598,134493.019317
4599,134470.328542
4600,134490.143302
4601,134443.497928
4602,134484.539737
4603,134396.500391
4604,134378.616942
4605,134408.760303
4606,134455.846723
4607,134458.408732
4608,134459.022455
4609,134491.688822
4610,134500.183745
4611,134508.086871
4612,134432.742769
4613,134498.931421
4614,134516.877995
4615,134477.02682
4616,134429.129647
4617,134447.427129
4618,134450.010024
4619,134484.998571
4620,134465.70674
4621,134501.375517
4622,134559.944918
4623,134542.16309
4624,134492.663653
4625,134449.050987
4626,134404.832127
4627,134391.365529
4628,134403.331794
4629,134427.006074
4630,134404.849549
4631,134401.78675
4632,134454.578019
4633,134444.925274
4634,134366.014908
4635,134318.48208
4636,134369.599362
4637,134392.740933
4638,134375.771963
4639,134331.69021
4640,134412.027453
4641,134415.775641
4642,134432.627173
4643,134369.360669
4644,134350.431472
4645,134356.949611
4646,134408.376375
4647,134408.772072
4648,134378.87932
4649,134357.752449
4650,134320.297029
4651,134307.158044
4652,134321.739186
4653,134327.256628
4654,134357.515017
4655,134276.697421
4656,134364.290852
4657,134356.530726
4658,134433.970622
4659,134322.003379
4660,134352.082103
4661,134466.598867
4662,134459.184419
4663,134422.981693
4664,134273.971944
4665,134332.02389
4666,134374.949925
4667,134358.442749
4668,134396.321654
4669,134356.697185
4670,134442.557034
4671,134424.146823
4672,134455.137496
4673,134434.413932
4674,134337.235178
4675,134360.676199
4676,134352.586356
4677,134418.439368
4678,134360.919731
4679,134450.787212
4680,134459.694617
4681,134411.980629
4682,134422.990582
4683,134414.708827
4684,134441.691818
4685,134500.128324
4686,134366.043697
4687,134394.170692
4688,134376.557842
4689,134404.302222
4690,134292.54856
4691,134273.401287
4692,134334.91937
4693,134347.931656
4694,134332.165708
4695,134395.230503
4696,134352.605341
4697,134546.878545
4698,134394.468069
4699,134393.237709
4700,134381.32309
4701,134328.6243
4702,134302.549853
4703,134316.307782
4704,134282.628749
4705,134334.117904
4706,134350.529279
4707,134375.94454
4708,134435.542129
4709,134515.611937
4710,134392.47712
4711,134351.777401
4712,134379.927755
4713,134365.337121
4714,134378.981198
4715,134440.254372
4716,134403.144165
4717,134436.149081
4718,134392.10335
4719,134423.768741
4720,134446.802502
4721,134352.99654
4722,134313.692518
4723,134452.155031
4724,134381.392762
4725,134445.374817
4726,134462.603915
4727,134439.531727
4728,134389.304763
4729,134403.119938
4730,134315.266212
4731,134367.415965
4732,134300.955899
4733,134333.069351
4734,134241.968576
4735,134267.17493
4736,134288.729443
4737,134366.105166
4738,134430.55359
4739,134363.209319
4740,134404.042563
4741,134368.369765
4742,134339.533045
4743,134429.786481
4744,134460.726831
4745,134456.994411
4746,134386.781937
4747,134338.973669
4748,134359.343436
4749,134352.781652
4750,134333.112654
4751,134299.580345
4752,134285.178265
4753,134277.325877
4754,134313.06003
4755,134310.969525
4756,134317.710175
4757,134291.436482
4758,134291.832068
4759,134409.316545
4760,134420.476332
4761,134449.295225
4762,134384.508129
4763,134344.814196
4764,134466.067603
4765,134403.586322
4766,134412.86229
4767,134437.935459
4768,134399.711877
4769,134403.656375
4770,134402.298166
4771,134378.81495
4772,134437.865655
4773,134464.497638
4774,134439.82621
4775,134373.965678
4776,134470.141949
4777,134395.936924
4778,134353.130029
4779,134302.68896
4780,134358.815564
4781,134374.871775
4782,134334.899167
4783,134348.622339
4784,134390.299839
4785,134334.268864
4786,134331.903626
4787,134352.969378
4788,134389.250445
4789,134388.557099
4790,134323.705483
4791,134290.641444
4792,134343.448321
4793,134327.205829
4794,134433.528808
4795,134388.48436
4796,134367.44782
4797,134378.517823
4798,134441.107251
4799,134418.403999
4800,134378.182514
4801,134358.570575
4802,134414.009449
4803,134451.312008
4804,134425.884082
4805,134397.279141
4806,134361.05902
4807,134417.925985
4808,134478.041745
4809,134488.643736
4810,134475.484701
4811,134505.411503
4812,134445.572427
4813,134486.868879
4814,134459.543051
4815,134479.801617
4816,134453.945287
4817,134502.940772
4818,134443.721172
4819,134433.805533
4820,134433.9527
4821,134365.412224
4822,134431.479801
4823,134394.797101
4824,134466.151923
4825,134363.238912
4826,134316.290906
4827,134312.984373
4828,134301.664918
4829,134358.952846
4830,134389.252575
4831,134444.282149
4832,134438.690355
4833,134391.138182
4834,134372.811623
4835,134354.328612
4836,134309.298752
4837,134371.819077
4838,134426.407167
4839,134442.303
4840,134401.141861
4841,134417.459577
4842,134399.405581
4843,134436.655217
4844,134479.809183
4845,134466.622412
4846,134454.743939
4847,134411.595757
4848,134492.205579
4849,134526.959625
4850,134439.952618
4851,134522.112748
4852,134538.914522
4853,134457.28571
4854,134451.22528
4855,134493.104032
4856,134471.761454
4857,134456.371556
4858,134488.704876
4859,134442.827222
4860,134464.535285
4861,134434.296
4862,134441.709912
4863,134480.189469
4864,134400.908869
4865,134439.004684
4866,134407.82067
4867,134413.500224
4868,134459.188912
4869,134511.25682
4870,134495.855873
4871,134507.727431
4872,134522.252429
4873,134520.383725
4874,134519.979495
4875,134470.230687
4876,134336.764611
4877,134306.117497
4878,134379.963997
4879,134437.902425
4880,134386.072962
4881,134443.450002
4882,134433.851064
4883,134434.346429
4884,134447.486651
4885,134426.721011
4886,134443.207244
4887,134426.22742
4888,134447.253061
4889,134359.796323
4890,134342.0636
4891,134265.321514
4892,134394.463881
4893,134375.775041
4894,134348.471736
4895,134391.820591
4896,134422.637385
4897,134429.928817
4898,134352.400578
4899,134420.058846
4900,134450.011109
4901,134405.860178
4902,134456.368171
4903,134430.636092
4904,134413.160294
4905,134443.786478
4906,134432.617618
4907,134455.788253
4908,134422.724689
4909,134371.703323
4910,134448.100849
4911,134378.213236
4912,134410.76261
4913,134367.534157
4914,134388.507702
4915,134365.468878
4916,134366.660717
4917,134390.93862
4918,134365.138762
4919,134356.98158
4920,134410.434843
4921,134399.711692
4922,134438.838271
4923,134429.84403
4924,134424.009039
4925,134406.90804
4926,134479.403846
4927,134403.071431
4928,134387.137677
4929,134494.554786
4930,134429.013939
4931,134395.931724
4932,134356.781521
4933,134337.341511
4934,134432.614308
4935,134409.94605
4936,134429.057064
4937,134387.049146
4938,134494.504962
4939,134522.957743
4940,134514.136378
4941,134485.470625
4942,134427.45183
4943,134447.302177
4944,134460.694386
4945,134388.468749
4946,134410.660376
4947,134333.558642
4948,134336.076792
4949,134428.540695
4950,134316.498212
4951,134313.777267
4952,134264.250498
4953,134351.841489
4954,134344.391792
4955,134353.445465
4956,134397.582197
4957,134390.002599
4958,134384.17188
4959,134421.342958
4960,134402.508663
4961,134395.074672
4962,134367.886137
4963,134431.52156
4964,134460.320056
4965,134432.723068
4966,134451.086056
4967,134436.028877
4968,134378.978082
4969,134373.975529
4970,134383.020124
4971,134413.066545
4972,134516.465097
4973,134465.114536
4974,134322.569802
4975,134304.811831
4976,134363.870259
4977,134340.286485
4978,134347.515379
4979,134322.326143
4980,134333.62971
4981,134359.997215
4982,134370.847826
4983,134377.832194
4984,134476.691055
4985,134384.548164
4986,134442.7291
4987,134389.697139
4988,134359.308514
4989,134318.149518
4990,134328.180306
4991,134366.787205
4992,134313.82043
4993,134262.954141
4994,134308.920089
4995,134325.367193
4996,134361.209974
4997,134403.184705
4998,134399.544423
4999,134349.259391
5000,134329.998894
