"n","a","b","tcrit","mean","sigma2","mcse","halfwidth","rel_halfwidth_pct","point"
1000,32,31,2.03951344639641,-0.0534040675522451,0.000893741404609654,0.000949183331386678,0.00193587216745847,3.62495266032799,"(2,0.2)"
1100,33,33,2.0369333434601,-0.0537792724389694,0.000918926070270662,0.000918599799986394,0.00187112656188807,3.47927087338618,"(2,0.2)"
1210,35,34,2.03224450931772,-0.054275150946274,0.000936243096436409,0.000886994309208583,0.0018025893146852,3.32120553007684,"(2,0.2)"
1331,36,36,2.03010792825034,-0.0549058635512201,0.00108415930073014,0.000914627066249664,0.00185679165858579,3.38177298104718,"(2,0.2)"
1464,38,38,2.02619246302911,-0.0557722631717413,0.00127933007127347,0.00094125589147504,0.00190716559308847,3.41955926589473,"(2,0.2)"
1610,40,40,2.02269092003676,-0.0566489227219594,0.00150969448475492,0.00097136967884108,0.00196478062939088,3.46834597196894,"(2,0.2)"
1771,42,42,2.01954097044138,-0.057678384087249,0.00188529891511981,0.0010338102133971,0.00208782208161619,3.61976521127564,"(2,0.2)"
1948,44,44,2.01669219922782,-0.0588184986328294,0.00240400717570671,0.00111433354236968,0.00224726776223484,3.82068195290611,"(2,0.2)"
2143,46,46,2.01410338888085,-0.0596174914330448,0.00260052192674504,0.00110859375634593,0.00223282244154849,3.74524722170864,"(2,0.2)"
2357,49,48,2.01063475762423,-0.0609525743601308,0.0032496470403489,0.00117543721789365,0.0023633749257021,3.87739968411898,"(2,0.2)"
2593,51,50,2.00855911210076,-0.0619624371958072,0.00375761210566907,0.00121390830575138,0.00243820658877173,3.93497528360087,"(2,0.2)"
2852,53,53,2.00664680506169,-0.0632758510476633,0.00454117568301833,0.00127147633739139,0.00255140393013797,4.03219219954243,"(2,0.2)"
3137,56,56,2.00404478328915,-0.0643912191014166,0.0049151149118138,0.00125192643795994,0.00250891664705539,3.8963645696843,"(2,0.2)"
3451,59,58,2.00171748414524,-0.065457475265515,0.00543429657416602,0.00126017733834154,0.00252251901128186,3.85367599506362,"(2,0.2)"
3796,62,61,1.99962358499494,-0.0667834581395795,0.00623226540815204,0.00128369605851142,0.00256690891456449,3.84362982401955,"(2,0.2)"
4176,65,64,1.99772965431769,-0.0676880378353628,0.00647867280685375,0.00124794762345152,0.0024930619744044,3.68316478676521,"(2,0.2)"
4594,68,67,1.9960083540253,-0.0679688619617601,0.00627537853603042,0.00117362163339539,0.00234255858472201,3.44651729793557,"(2,0.2)"
5000,71,70,1.99443711177119,-0.0680556843310939,0.0060010408794617,0.00109884161427016,0.00219157049545897,3.2202607570543,"(2,0.2)"
1000,32,31,2.03951344639641,-0.892096464236877,0.0124437942643777,0.00354177179444542,0.00722349119883896,0.809720864101634,"(6,0.3)"
1100,33,33,2.0369333434601,-0.892838476183979,0.0123064817127912,0.00336165403131473,0.00684746518556204,0.766932134783027,"(6,0.3)"
1210,35,34,2.03224450931772,-0.894657574888652,0.0130462485993004,0.00331107748581321,0.00672891904046942,0.752122290062417,"(6,0.3)"
1331,36,36,2.03010792825034,-0.896542602391511,0.0141383445448248,0.00330291030301645,0.00670526439245343,0.747902483893935,"(6,0.3)"
1464,38,38,2.02619246302911,-0.897801030807095,0.0137272544097363,0.00308324648236376,0.00624725078422647,0.695839119120902,"(6,0.3)"
1610,40,40,2.02269092003676,-0.899141690157764,0.014118010407729,0.00297048085414309,0.00600836465181826,0.66823335160491,"(6,0.3)"
1771,42,42,2.01954097044138,-0.902895494888137,0.0192937784897421,0.00330719158057822,0.00667900889407649,0.739732220604775,"(6,0.3)"
1948,44,44,2.01669219922782,-0.906204100905994,0.0236941612971788,0.00349838815432119,0.00705517210069057,0.778541180031853,"(6,0.3)"
2143,46,46,2.01410338888085,-0.908749302956505,0.0258852699518507,0.00349758693158223,0.00704450169180513,0.775186475399399,"(6,0.3)"
2357,49,48,2.01063475762423,-0.913225331087043,0.0331881036306655,0.00375640629835807,0.00755276106723732,0.82704244069172,"(6,0.3)"
2593,51,50,2.00855911210076,-0.916558587013674,0.0385678343560363,0.00388904113168475,0.00781136900238006,0.852249830295194,"(6,0.3)"
2852,53,53,2.00664680506169,-0.920053375289286,0.0436885134910229,0.00394373536011353,0.00791368396038062,0.86013313715548,"(6,0.3)"
3137,56,56,2.00404478328915,-0.923914772941993,0.0489461685709602,0.00395067517846505,0.0079173299818728,0.856932935130141,"(6,0.3)"
3451,59,58,2.00171748414524,-0.92760496121722,0.055339631787116,0.00402140792980599,0.00804972256397294,0.867796411244928,"(6,0.3)"
3796,62,61,1.99962358499494,-0.93214812428779,0.0650302631652806,0.00414664630902904,0.00829173175816669,0.889529415134746,"(6,0.3)"
4176,65,64,1.99772965431769,-0.935633843704026,0.0697140175834639,0.00409367528068816,0.00817805650337804,0.874065913541821,"(6,0.3)"
4594,68,67,1.9960083540253,-0.938228080312384,0.072009607479981,0.00397560624473366,0.00793534327680352,0.845779767555181,"(6,0.3)"
5000,71,70,1.99443711177119,-0.940034528816157,0.0714648629892215,0.00379199790168224,0.00756290134287351,0.80453441985774,"(6,0.3)"
1000,32,31,2.03951344639641,4.72718660660502,0.00927834198476999,0.0030582948391803,0.00623743344755296,0.13194811135312,"(1,0.4)"
1100,33,33,2.0369333434601,4.72489930373519,0.010820101802635,0.0031521126768389,0.00642064341379643,0.13588952908945,"(1,0.4)"
1210,35,34,2.03224450931772,4.72282491162009,0.0118044415413406,0.00314955532960382,0.00640066652537971,0.1355262294317,"(1,0.4)"
1331,36,36,2.03010792825034,4.72072136942328,0.0133169437961533,0.00320552953438232,0.00650757092199018,0.137851197152633,"(1,0.4)"
1464,38,38,2.02619246302911,4.71785969840306,0.0153913215114158,0.00326478328698135,0.00661507928950502,0.14021356531107,"(1,0.4)"
1610,40,40,2.02269092003676,4.71505179274183,0.0175900387988541,0.00331568609028113,0.00670660814850384,0.142238271037186,"(1,0.4)"
1771,42,42,2.01954097044138,4.71224050268868,0.0200698648070414,0.00337305119741888,0.00681201508858378,0.144560004624064,"(1,0.4)"
1948,44,44,2.01669219922782,4.70969968093923,0.022111521945627,0.0033795326118258,0.00681547705530513,0.144711500032332,"(1,0.4)"
2143,46,46,2.01410338888085,4.70731779710463,0.0240043630073608,0.00336811771204529,0.00678373729798002,0.144110459297066,"(1,0.4)"
2357,49,48,2.01063475762423,4.70432809542377,0.0264461260660704,0.00335322251253438,0.00674210573374967,0.143317081568103,"(1,0.4)"
2593,51,50,2.00855911210076,4.70199419846708,0.0286739588874888,0.00335331026894314,0.0067353218963868,0.143243943146136,"(1,0.4)"
2852,53,53,2.00664680506169,4.69914674876219,0.0318958954833292,0.00336970226763311,0.0067618022893551,0.143894256784729,"(1,0.4)"
3137,56,56,2.00404478328915,4.69578050630663,0.0357024179458547,0.00337412204878265,0.00676189169004375,0.143999313446662,"(1,0.4)"
3451,59,58,2.00171748414524,4.69313995536458,0.0383654333895401,0.00334834385947266,0.00670243844643677,0.142813521654632,"(1,0.4)"
3796,62,61,1.99962358499494,4.68984745393302,0.0428640223152731,0.00336655488309281,0.00673184254441226,0.143540757146947,"(1,0.4)"
4176,65,64,1.99772965431769,4.68690072183152,0.0465180270686988,0.00334398236319516,0.00668037273047033,0.142532840504883,"(1,0.4)"
4594,68,67,1.9960083540253,4.68419088985449,0.0496974481550266,0.00330274608901377,0.00659230878489586,0.140735271894537,"(1,0.4)"
5000,71,70,1.99443711177119,4.681509947254,0.0531774891672982,0.00327103898012799,0.00652388153601743,0.139354217112026,"(1,0.4)"
