"n","a","b","tcrit","mean_accept","sigma2","mcse","halfwidth","rel_halfwidth_pct","point"
1000,32,31,2.03951344639641,0.364217561619915,1.84594380784949e-05,0.000136412259399996,0.000278214637299607,0.0763869364404626,"(2,0.2)"
1100,33,33,2.0369333434601,0.364202990472609,2.10224208834188e-05,0.000138940041250991,0.000283011602765867,0.0777071056991091,"(2,0.2)"
1210,35,34,2.03224450931772,0.364236589000823,1.81051518557986e-05,0.000123346719957203,0.000250670694375375,0.0688208439089047,"(2,0.2)"
1331,36,36,2.03010792825034,0.364186688014795,1.99002386062315e-05,0.000123915787458062,0.000251562422553995,0.0690751284527389,"(2,0.2)"
1464,38,38,2.02619246302911,0.364140904152363,1.86342162180475e-05,0.000113598335676426,0.000230172091560225,0.063209622686035,"(2,0.2)"
1610,40,40,2.02269092003676,0.364085451855185,1.86135798418557e-05,0.000107858645463216,0.000218164702825912,0.0599212909261442,"(2,0.2)"
1771,42,42,2.01954097044138,0.364002302891714,2.23697170979619e-05,0.000112611036405792,0.000227422601745362,0.0624783414661575,"(2,0.2)"
1948,44,44,2.01669219922782,0.363953160416164,2.19482417303986e-05,0.000106474887744703,0.000214727075528402,0.0589985467588387,"(2,0.2)"
2143,46,46,2.01410338888085,0.363837756908133,2.86615360100532e-05,0.000116383630047895,0.00023440866368972,0.0644267009783999,"(2,0.2)"
2357,49,48,2.01063475762423,0.363794211094378,2.79102492454158e-05,0.000108933936724649,0.000219026359463418,0.060206114551558,"(2,0.2)"
2593,51,50,2.00855911210076,0.36373872406501,2.79181268468064e-05,0.000104634052955829,0.000210163680500465,0.0577787479297647,"(2,0.2)"
2852,53,53,2.00664680506169,0.363637032368664,3.24998111864826e-05,0.000107563406894919,0.000215841766787239,0.0593563767092931,"(2,0.2)"
3137,56,56,2.00404478328915,0.363599023862972,3.54261104960877e-05,0.000106285424010872,0.000213000749528663,0.0585812214966055,"(2,0.2)"
3451,59,58,2.00171748414524,0.363539404653603,3.4874531055878e-05,0.000100951827596119,0.000202077038355566,0.0555860068451492,"(2,0.2)"
3796,62,61,1.99962358499494,0.363468296344313,3.74396232594757e-05,9.94958514072004e-05,0.00019895425108299,0.054737718002926,"(2,0.2)"
4176,65,64,1.99772965431769,0.363430779015218,3.56672181273945e-05,9.25950890241643e-05,0.00018497995518776,0.0508982634021797,"(2,0.2)"
4594,68,67,1.9960083540253,0.36345194516298,3.38372039553914e-05,8.61797791603477e-05,0.000172015559152109,0.047328281342661,"(2,0.2)"
5000,71,70,1.99443711177119,0.36346763259886,3.28330969284633e-05,8.12788836491754e-05,0.000162105621953248,0.0445997407786114,"(2,0.2)"
1000,32,31,2.03951344639641,0.339241029160879,1.92953245265526e-05,0.000139466598088617,0.000284444002124899,0.0838471699099834,"(6,0.3)"
1100,33,33,2.0369333434601,0.339225705763156,2.29698134334167e-05,0.000145232827966075,0.000295829589849104,0.0872073032270877,"(6,0.3)"
1210,35,34,2.03224450931772,0.339206921866074,2.20894621045103e-05,0.000136244534558519,0.000276882207281098,0.081626343518549,"(6,0.3)"
1331,36,36,2.03010792825034,0.339153539875193,1.96570305316365e-05,0.00012315624965858,0.000250020478845461,0.0737189648492148,"(6,0.3)"
1464,38,38,2.02619246302911,0.339122476560909,2.04396879060031e-05,0.000118974402802295,0.0002410650382514,0.0710849486286123,"(6,0.3)"
1610,40,40,2.02269092003676,0.339079459712031,1.87848546355931e-05,0.000108353745423246,0.000219166137019575,0.0646356276507299,"(6,0.3)"
1771,42,42,2.01954097044138,0.338981586912304,2.50904506474242e-05,0.000119262783290227,0.000240856077103484,0.0710528495949825,"(6,0.3)"
1948,44,44,2.01669219922782,0.338938193019773,2.59786277607472e-05,0.000115839167324081,0.00023361194510752,0.0689246446457252,"(6,0.3)"
2143,46,46,2.01410338888085,0.338847666048935,2.92618215425922e-05,0.000117596080538957,0.000236850664332618,0.0698988625462196,"(6,0.3)"
2357,49,48,2.01063475762423,0.338791423914159,2.61632205469324e-05,0.00010546951341383,0.000212060669539563,0.0625932814619573,"(6,0.3)"
2593,51,50,2.00855911210076,0.33872547662288,2.98210413017768e-05,0.000108141231732845,0.000217208056390805,0.0641251017066643,"(6,0.3)"
2852,53,53,2.00664680506169,0.338637176532562,3.2590553736285e-05,0.000107713465831133,0.000216142882072164,0.063827275045621,"(6,0.3)"
3137,56,56,2.00404478328915,0.338599275503847,3.41980323744722e-05,0.000104426935286296,0.000209276254895375,0.061806468600373,"(6,0.3)"
3451,59,58,2.00171748414524,0.338514336993983,3.59104979617703e-05,0.000102440269209092,0.000205056477956385,0.0605754189844047,"(6,0.3)"
3796,62,61,1.99962358499494,0.338433873211734,3.81366733013433e-05,0.000100417785790954,0.000200797772820561,0.0593314643463412,"(6,0.3)"
4176,65,64,1.99772965431769,0.338372205441485,3.98373256162801e-05,9.78584702323778e-05,0.000195494767909386,0.0577750668540633,"(6,0.3)"
4594,68,67,1.9960083540253,0.338351732412203,3.7953539025117e-05,9.12713094955465e-05,0.000182178296235939,0.0538428737861454,"(6,0.3)"
5000,71,70,1.99443711177119,0.338334409057139,3.59223216176179e-05,8.50166531415577e-05,0.000169560368144101,0.0501162056252649,"(6,0.3)"
1000,32,31,2.03951344639641,0.465064730777132,1.4647459486332e-05,0.000121513720046787,0.00024782886595707,0.053289112150677,"(1,0.4)"
1100,33,33,2.0369333434601,0.465039238622363,1.9168281565711e-05,0.000132671503316292,0.000270243008831932,0.0581118723728567,"(1,0.4)"
1210,35,34,2.03224450931772,0.465040684694202,1.73674023800389e-05,0.00012080751541831,0.000245510409893177,0.0527933185146194,"(1,0.4)"
1331,36,36,2.03010792825034,0.464991750888366,1.6244839786089e-05,0.000111958021599068,0.000227286867279491,0.048879763317362,"(1,0.4)"
1464,38,38,2.02619246302911,0.464972187951462,1.41511249286981e-05,9.89946867845129e-05,0.000200582288242707,0.043138556120188,"(1,0.4)"
1610,40,40,2.02269092003676,0.464976853454243,1.34272650579416e-05,9.16080818553336e-05,0.000185294835370768,0.0398503353434133,"(1,0.4)"
1771,42,42,2.01954097044138,0.464921575949592,1.61353079728283e-05,9.56399497312526e-05,0.000193148796893218,0.0415443822968887,"(1,0.4)"
1948,44,44,2.01669219922782,0.464936817993027,1.40648775492076e-05,8.52344771173421e-05,0.000171891705107806,0.0369709815303085,"(1,0.4)"
2143,46,46,2.01410338888085,0.464886015765119,1.68618429784151e-05,8.9267770594576e-05,0.000179794519272373,0.038674968309482,"(1,0.4)"
2357,49,48,2.01063475762423,0.464883692470481,1.60630316241293e-05,8.26409114685594e-05,0.000166160689000433,0.0357424215328834,"(1,0.4)"
2593,51,50,2.00855911210076,0.464862557787894,1.3556509037419e-05,7.29128113152264e-05,0.000146449691556081,0.0315038690689524,"(1,0.4)"
2852,53,53,2.00664680506169,0.464832695701752,1.28332711371471e-05,6.75916137573248e-05,0.000135632495795099,0.0291787770200495,"(1,0.4)"
3137,56,56,2.00404478328915,0.464845626269683,1.59877899455865e-05,7.1401311641155e-05,0.000143091426114459,0.0307825690999282,"(1,0.4)"
3451,59,58,2.00171748414524,0.464804900703181,1.49821727235909e-05,6.61679069656311e-05,0.000132449456262399,0.0284957099337857,"(1,0.4)"
3796,62,61,1.99962358499494,0.464768773996165,1.86708101307263e-05,7.02620503500163e-05,0.000140497653009995,0.0302295810026071,"(1,0.4)"
4176,65,64,1.99772965431769,0.464734648398812,1.79768732689112e-05,6.57370806057373e-05,0.000131324915314354,0.0282580426845337,"(1,0.4)"
4594,68,67,1.9960083540253,0.46476127619835,1.56634362566393e-05,5.86342891419182e-05,0.000117034530959603,0.0251816442017117,"(1,0.4)"
5000,71,70,1.99443711177119,0.464745095242645,1.55211628336301e-05,5.58835430968759e-05,0.000111456212289674,0.02398222454214,"(1,0.4)"
