"lambda","delta1","delta2","delta0_hat","eta_hat","gamma1","gamma2","gamma3","gamma4","gamma5","gamma6","gamma7","gamma8","gamma9","Lhat","Lhat_pass1","wander","convergence","convergence_pass1","iters","iters_pass1","point_seconds","n","pass"
7e-07,3.5,0.4,2.70124178722382,0.000911918174212081,0.00294494420304914,-0.0224812450379131,0.0708905203465204,0.227748385721089,0.103588017971398,-0.657093266581877,8.84214019399395e-06,9.74012121086097e-11,0.227034338847513,0.000405273594115503,0.000405453187760243,0.000191827487836039,4,4,319,599,3782.8476865,32232,TRUE
3e-07,4.2,0.5,3.57059458005324,0.000648166163730006,0.00248799567560897,-0.0299347938660693,0.0526639287657117,0.1718579477386,0.100232471472614,-0.616639816772828,8.3722452514373e-06,8.57995745248858e-11,0.293818602425442,0.000419559112276483,0.00042075312112952,0.0061810047314305,4,4,408,421,3405.283788708,32232,TRUE
3e-07,5,0.6,4.77674387412359,0.0018783529009755,0.00305536486147467,-0.00607575296019521,0.129903154133844,0.425797574357964,0.199802982202904,-1.33594591127346,1.91775704180052e-05,1.24972630951494e-11,0.0328243677638926,0.000494159626778007,0.00068093308398786,0.13091509192435,4,4,417,923,4630.788955958,32232,TRUE
7e-07,4.2,0.6,2.59589910360898,0.000834866109744855,0.00259576798587237,-0.0145805122916824,0.0597116314118677,0.102037386866719,0.23472358765768,-0.623159397019248,8.62580668949232e-06,5.47334624692977e-11,0.578205158477973,0.000514960996805375,0.00064854186587958,0.392777542732734,6,4,915,577,5973.348257958,32232,TRUE
7e-07,4.2,0.5,3.54207692888103,0.00146468601310879,0.00584975598094535,-0.03741675200466,0.0392526137474107,0.258706959455164,0.0958600906881265,-0.610449707456398,9.00607953272746e-06,1.89915028289805e-10,0.295096016090016,0.000519268172567392,0.000521292947344481,0.00396653782331868,4,4,428,412,3457.787942584,32232,TRUE
7e-07,5,0.6,4.73357263679882,0.000745725046204848,0.0036195390459918,-0.0280503999521652,0.0536491545427998,0.249061435975069,0.118644349431516,-0.596865303721887,8.63798945384872e-06,1.49949900961056e-10,0.354657895968606,0.000543230467218991,0.000545274870884572,0.00453223641874351,4,4,384,788,4145.405327791,32232,TRUE
3e-07,3.5,0.4,2.70264306170592,0.000928646435753928,0.00434287177977604,-0.0159082575475882,0.0832834466785463,0.28284509198617,0.124425957654937,-0.603372236503728,8.10636009641645e-06,1.80123323392768e-10,0.183454596942096,0.000548759998970608,0.000549167113444595,0.00647205318977292,4,4,400,485,3642.18867025,32232,TRUE
3e-07,5,0.5,5.86411566302158,0.000503339899676055,0.000868651782026955,-0.00549930749677306,0.184470951442143,0.00627015883157099,0.0284147577577153,-0.635572178375085,1.2254369307205e-05,-1.12899968648947e-10,0.669145288537224,0.000593851426921875,0.00400770473485975,0.439951999963178,4,4,869,574,5557.048503292,32232,TRUE
3e-07,4.2,0.6,2.62094745745492,0.00116507829779568,0.00299262474324011,-0.0232192534842946,0.0887065893462003,0.0373609192280192,0.146130297895695,-0.596446065934874,8.71078560775567e-06,6.64235595386934e-11,0.22584865707607,0.000630257639543206,0.000642989093287794,0.0227655813756534,4,4,440,528,3974.984199458,32232,FALSE
7e-07,5,0.5,5.88681220029453,0.000438760833552913,0.0067110375724601,-0.0278155087750014,0.068402207205751,0.256203325965721,0.138287581499245,-0.811689200837827,1.04846298076572e-05,9.03175259704925e-11,0.201039507670426,0.000697254996081982,0.000705262398060175,0.0112050356418459,4,4,440,627,4245.248248875,32232,FALSE
3e-07,3.5,0.6,0.385049286630267,0.000240813066534719,0.00294480339006086,-0.0977948947981538,0.0525484248600403,-0.470535548269329,0.304843556170987,-1.2071800523805,1.70157884826141e-05,3.39629813932503e-10,0.902356646787433,0.000862725336666348,0.00122807156188245,0.995767345348403,4,4,657,639,5307.920209458,32232,FALSE
3e-07,5,0.4,7.07238828082279,0.000491934298265157,0.00346289880690489,-0.0276272276764798,0.0884485110403163,0.292050950330469,0.148733788719544,-1.09787464648482,1.48926165510422e-05,1.04407974158255e-10,0.239977173812044,0.000943126806510547,0.000949230016475265,0.00904141678060326,4,4,371,482,3409.277425708,32232,FALSE
7e-07,5,0.4,7.0483598760293,0.000546303171104465,0.00209263373573908,-0.028230895949507,0.0961380701712977,0.261855336677823,0.126342687170195,-0.954398752243527,1.37689598758828e-05,6.89961001471831e-12,0.186664010813825,0.000983025934132228,0.000995702801503832,0.0161555522389307,4,4,557,533,4398.906209083,32232,FALSE
7e-07,3.5,0.6,0.295342120556715,0.000339159011037561,0.00576117074589628,-0.0539260926183979,0.0471434741244348,0.116171244012476,0.086886332066056,-0.586191624851391,8.42839437554098e-06,5.23790301444587e-11,0.133413776916825,0.00128217850916454,0.00136507706157213,0.0676842268674725,4,4,933,654,6199.07256925,32232,FALSE
1.5e-06,4.2,0.6,2.75391805621222,4.50160660525896e-05,3.19537942536236e-05,-0.992498299830506,2.33286598110688,-1.53759995720041,0.933265932530024,-1.95430583424181,8.43012857618134e-05,3.34151971348451e-09,0.6624583233909,0.00133884382190928,0.0367876198458148,3.46173888100278,4,4,891,787,6419.109735792,32232,FALSE
1.5e-06,3.5,0.4,2.70527178643795,0.000865052511766739,0.0421421977926807,-0.0589602195593165,0.0299914830282992,-0.112126821958844,0.0586202433205017,-1.41893967694715,3.50541166964288e-05,4.3098017552836e-10,0.29757256961671,0.00134848377501765,0.0112477775968305,0.824071784765053,4,6,672,865,6355.574074459,32232,FALSE
3e-07,4.2,0.4,4.90318244446505,1.92682955806592e-07,-0.000409248579710867,-0.0155694115871663,-0.144586885603033,-0.717278329251297,0.785966323071525,-2.01008779568114,3.31881447298794e-05,2.14157535892741e-09,3.656452618894,0.00137886901832246,0.00209390881922866,2.92595597245124,4,4,607,633,4906.121900167,32232,FALSE
3e-07,3.5,0.5,1.58122055392019,0.000791520129844698,0.00454209639077713,-0.0150813888401181,0.122352977949175,0.230819184452119,0.255904696318475,-0.922622375583966,1.44076665810441e-05,1.32236334999366e-10,0.267136415805317,0.00139385798945269,0.00153575814049718,0.244084005110109,4,4,511,505,4174.508271875,32232,FALSE
1.5e-06,3.5,0.5,1.7352864080483,0.00162193003601497,0.00719646542798106,-0.0566507704938424,0.116155222364289,0.0446416148006533,0.251406906603487,-0.687678806072209,2.14741728797895e-05,1.74385846675665e-10,0.213617496772528,0.00151679928299688,0.0015478583407829,0.0921328962240426,4,4,548,449,4134.051143042,32232,FALSE
1.5e-06,5,0.6,4.73864362601203,2.12990334116691e-05,-0.000110294211899624,0.0783070925441879,0.077236811543129,0.0686173696835907,0.0636421036146251,-0.494184119495646,1.56367299630238e-05,8.20011112874912e-10,1.12445977053872,0.00152136680370763,0.0494649775681682,2.32609851562777,4,4,686,840,4633.981158959,32232,FALSE
7e-07,3.5,0.5,1.45740295302016,0.000812490424367822,0.00223430915495885,-0.0195897623845998,0.121680037343799,0.382793804457079,0.154316465309462,-0.873434144452972,1.41412531510158e-05,1.15968463985578e-10,0.248231219422897,0.00152542415859425,0.00152544645952898,0.000282937996529452,4,4,339,589,3829.456361583,32232,FALSE
1.5e-06,4.2,0.5,3.48886893484142,5.5020502735437e-05,-0.00202247080975763,-0.374492929760378,-0.203462334286633,2.00179626328062,0.42506412973832,-0.0458672090812356,1.31934848131492e-05,3.04323587866436e-09,9.57679676267037,0.00154985960199247,0.0494124783393085,9.60514306126465,4,4,883,773,5871.868314875,32232,FALSE
7e-07,4.2,0.4,4.87253974563218,0.000614729756146787,0.00512472362521226,-0.0497030908719115,0.0236648045955693,0.120714744524571,0.17173336154016,-0.834313597404856,1.44855712100656e-05,2.56167856978343e-10,0.557854618199111,0.00195931724361731,0.00246749827872636,0.188993907302762,4,4,573,681,5163.796635292,32232,FALSE
1.5e-06,3.5,0.6,0.917796387299835,6.85538070419453e-06,0.00796787631049828,0.0283415569641435,0.0371485103046854,-1.07429862297926,0.836786242303125,-0.90173878281315,2.75111175830012e-05,3.06981491027538e-11,2.8804916605497,0.00236844146641614,0.0038936546882106,3.09667158497757,4,4,828,537,5465.2213835,32232,FALSE
1.5e-06,4.2,0.4,6.22293974028896,0,-0.0504753584041582,0.0997498079029148,0.281879621298874,-0.425182520525401,-0.0295994620990617,-0.160150312926798,2.78809289095772e-05,3.87377174132814e-09,7.19141219374486,0.0303993236317844,0.0358434124055732,6.59276942952492,4,6,843,872,7075.439312875,32232,FALSE
1.5e-06,5,0.5,7.79445371866526,0.00207665733759047,-0.000767963623768695,0.00599422788184242,-0.0305151507962466,-0.207259367465307,-0.0280863444863034,-1.68309268032964,1.8835450044997e-05,2.25140372236508e-10,0.298765964353334,0.0357048950611109,0.0357369268255618,0.0149482711172524,4,4,459,493,3510.409354167,32232,FALSE
1.5e-06,5,0.4,9.03347767652034,0.00221618705875519,-0.00271487918419525,-0.188317576976378,-0.00673745859108539,0.118448688379311,0.00726025799754161,-0.84833569773209,1.42351559939447e-05,4.62202788149477e-10,0.386632141513402,0.0442371428056598,0.0494049961402541,0.269288156943916,4,4,426,716,4703.147463917,32232,FALSE
1.5e-06,3.5,0.7,0.155460953205844,5.79368358508314e-06,0.0195880432899557,0.0268521101863171,0.0893882137009571,-0.861372639707709,0.839108168465243,-1.31052982844993,3.28838988719131e-05,4.17081595521984e-11,3.90468428643331,0.00472876856171865,0.00472895346966985,0.000788096324789492,4,4,297,452,1036.106746583,32232,FALSE
1.5e-06,4.2,0.7,1.43570227156269,8.51013539424558e-06,0.00652844902968132,0.0398478480952849,0.113833867236431,-0.839875289553339,-0.0632332781337166,-3.04049519429417,8.94384936090829e-05,-7.29495294818743e-11,11.5436072235998,0.00109248044410575,0.00126205939447411,0.0757558144456787,4,4,274,947,1608.574137541,32232,FALSE
1.5e-06,5,0.7,3.80686943475113,1.69887123212386e-05,-0.000165814345299599,0.0937403262203571,0.115251907910405,-0.0209230489084155,0.124324143580345,-0.697338002290061,1.93665338520678e-05,7.43517104559466e-10,0.999162578252114,0.00114487046230734,0.00116200620890693,0.0464299964103298,4,4,519,414,1297.311114417,32232,FALSE
3e-07,5.8,0.4,9.36652286925473,0.000521304691852916,0.00257509211514318,-0.0176735915132587,0.11154846830347,0.246818660314024,0.131328087554165,-1.1749433317432,1.86209401149712e-05,2.24841656188664e-11,0.108594281901573,0.00153133483111164,0.00162697650970041,0.223357651831403,4,4,464,576,1390.155717125,32232,FALSE
7e-07,5.8,0.5,8.1820349371257,0.000509726982583705,0.00598989162268978,-0.020225975174368,0.075378998749931,0.23304427426725,0.108477844250403,-0.822072988564498,1.25191332178808e-05,1.49523024498242e-10,0.226930111181944,0.00110154499847798,0.00112450009988971,0.0270814562519675,4,4,454,444,1228.701555042,32232,FALSE
1.5e-06,5.8,0.6,7.04702816135939,1.06906347765023e-05,-0.000268183238220285,0.0049557433209823,0.0926521167488147,0.102566699401352,0.0760861074776434,-0.35705955781716,1.33067993846369e-05,-8.07005334792559e-11,0.420344623973949,0.00301216478742011,0.00301351366221738,0.0040993665464439,4,4,342,579,1273.690135417,32232,FALSE
1.5e-06,5.8,0.7,5.9045271369557,1.36354651824805e-05,-0.000698033037166417,0.0119036526102038,0.122421282750092,0.0814394690272143,0.100765132535756,-0.378491489100292,1.43687465435154e-05,-1.42473067244767e-10,0.470410959240396,0.00197030234017236,0.00197156473335299,0.00264180905542285,4,4,329,355,948.317381084,32232,FALSE
1.3e-07,3.5,0.4,2.70584606858562,0.000928554593886028,0.0042753388200537,-0.0157199151335266,0.0825048553367336,0.272448860724013,0.121489018679442,-0.619249739752263,8.32104810674853e-06,3.51864790634696e-10,0.192842768425872,0.000540499966643196,0.00054593552837418,0.0171212156932271,4,4,398,447,1165.707208875,32232,TRUE
1.3e-07,4.2,0.5,3.56769300643738,0.000655646342010507,0.00549186939566945,-0.0291870807483943,0.0517858030168736,0.168396841839661,0.0991423845470779,-0.622770225839322,8.46806236470259e-06,1.71979939933912e-10,0.3086039212884,0.000417372279320388,0.000418295226370821,0.00884816858632159,4,4,503,421,1275.069460125,32232,TRUE
1.3e-07,5,0.6,4.77760710507832,0.00187871338902928,0.00722436032773256,-0.0124566620410299,0.129906055333273,0.424553703932652,0.199842460962526,-1.33622984604363,1.91715326811153e-05,1.77918911699802e-11,0.032810681179589,0.000494270156244819,0.000494270156244819,5.39148217272127e-13,4,4,341,398,996.838189167,32232,TRUE
7e-07,4.2,0.6,2.61595075353203,0.00054385603488198,0.00354561425338513,-0.0439879649543888,0.00804569143877119,0.0339816108449304,0.211619498602643,-0.770697004374235,8.79527373308513e-06,8.81165031861814e-11,0.121907030856604,0.000460156132100185,0.00191115289986542,0.401654323109887,4,4,592,678,1755.46647225,32232,TRUE
7e-07,5.8,0.4,9.37068178228862,0.000254932202958172,0.00297503086572007,-0.0460644907007626,0.0747077464286148,0.164770871369544,0.121717064489569,-1.05348598767127,1.48480205578963e-05,1.39864187234767e-12,0.0517599243415449,0.00133874041151649,0.00137673759570004,0.0588364525434686,4,4,514,712,1652.940850291,32232,FALSE
1.5e-06,5.8,0.5,7.96680809194323,0.00116390853339865,-0.00214701194919398,0.0166464286208419,0.329031436485178,-0.511992309760545,-0.0425874282489775,-1.10569408237423,6.32979713459176e-05,9.93434645183867e-10,1.465265828919,0.00604656288708787,0.0206928704584024,1.92882681161867,4,4,428,414,1163.379967292,32232,FALSE
1.3e-07,4.2,0.4,4.95209852867045,1.46108119598114e-07,-0.000588546674960923,-0.0268597669057526,-0.230267385389252,-0.835856878240606,0.779269149037206,-2.08888485493573,3.28956105061229e-05,2.23878699999494e-09,3.64475229644412,0.00135445250318741,0.00135670430721232,0.0124696368652431,4,4,365,312,879.615820958,32232,FALSE
1.3e-07,5,0.5,5.85397418538884,0.000502189029698999,0.00165805461900341,-0.00976680810660267,0.186560411583927,0.00451816537037213,0.0285803042676023,-0.642900782304365,1.23053004106662e-05,-1.69068113383491e-10,0.670944269116836,0.000589070950489861,0.000589680765434119,0.00830766990354963,4,4,443,374,1123.802670583,32232,TRUE
1.3e-07,5.8,0.6,6.97870410188677,0.000371942272715424,0.00137897519815919,-0.0114613017086458,0.206261346100771,-0.00286308916464373,0.0196669400854642,-0.358036357162476,1.06894459548512e-05,-1.46871970731277e-10,0.954054505850709,0.000794115709650919,0.000807288508752744,0.0310630797267656,4,4,754,653,1924.38116225,32232,FALSE
1.3e-07,5.8,0.7,5.87888643552624,0.000355829028057272,0.00125096856472457,-0.0107589302371709,0.20464232796003,0.00060529826819127,0.0202177901348457,-0.381215678156794,1.19017256986061e-05,-3.02254325669302e-10,2.0175510020607,0.00054656423072012,0.000550286651878329,0.0614212683400175,4,4,643,667,1802.340698375,32232,TRUE
1.3e-07,5,0.7,3.6468321753597,0.000737178633029509,0.00252889114808933,-0.363604963097649,0.159222666202421,0.00617559280529587,0.00595281473743899,-0.522542897709242,1.46142073996529e-05,-1.17047450927342e-09,3.44974328972755,0.000410715490395897,0.000418589274756187,0.38231238144363,4,4,813,773,2150.897366542,32232,TRUE
1.3e-07,4.2,0.7,1.52834462280988,0.000310663333748398,0.00641424285473447,-0.830115840408831,0.274850114736719,0.00998080199510352,0.00679179515659534,-0.744634026700193,1.82036255519111e-05,-1.16108810194553e-09,5.16624063435678,0.000967041865296796,0.00100340568875883,0.0157380592752297,4,4,533,669,1272.82324375,32232,FALSE
1.3e-07,3.5,0.7,-0.329686697229184,0.000368609795002913,0.0130227156893977,-0.957741320614502,0.392678023673004,0.013591099904337,0.00883651941574433,-0.758195217573549,1.81012888465376e-05,-7.60912605021799e-10,5.34801771424522,0.0019413526724122,0.00194391681122405,0.00774538919473576,4,4,496,622,1155.428902541,32232,FALSE
3e-07,3.5,0.7,0.14442031915613,4.0983617895688e-05,-0.0563000866733262,0.839536783393642,-1.07730199292879,-0.277932475066243,2.85188926242074,-4.05690275076037,2.86846446614425e-05,-1.79442394714331e-09,7.42160079759529,0.00385352309929717,0.00393471863286317,1.42596733697578,4,4,701,923,2138.626938583,32232,FALSE
3e-07,4.2,0.7,1.25192426450212,4.92023886622741e-05,-0.078079234145202,0.41865322532242,-1.64778666619649,-0.573289860533415,1.65926809990263,-6.09874004302138,7.07441699137141e-05,-4.47003045894565e-09,14.0245545543518,0.00104359498654363,0.00106306876959557,0.358823329306725,4,4,483,472,1190.27130325,32232,FALSE
3e-07,5,0.7,3.78258037650332,0.00212073764033152,0.00459552991448104,-0.00544868276718905,0.0528160440943278,-0.1122543761766,0.353390988558644,-1.3220697352885,1.78762836920345e-05,-7.61024885293638e-12,-0.00215403497086881,0.000463984173154656,0.000464036411760868,0.00206537794908778,4,4,334,576,1237.891532334,32232,TRUE
1.5e-06,5.8,0.4,9.20865074516813,8.30326082007693e-08,0.00684587667123395,-0.272523113634736,-0.0144037866102345,-0.035392297314281,0.00866556869642687,-0.658255435168296,1.96519499248543e-05,4.09729580793306e-09,1.04252409682248,0.00484121756631626,0.00496592235934016,0.097206005100031,4,4,364,1037,1970.437139542,32232,FALSE
3e-07,5.8,0.6,6.68093301828825,0,-0.00171461231680377,0.00235801841076456,0.0627211154974757,-0.311065024250875,0.356970431168862,-1.83190157609196,2.22161736690004e-05,1.49950148188139e-11,0.0385309229712443,0.00195718169661648,0.00195910013261023,0.00586961146549303,4,4,407,778,1548.41061475,32232,FALSE
3e-07,5.8,0.7,5.91333793152324,0,-0.0047485256136394,0.00339480591278293,0.198726773501663,-0.458606647804479,0.273436963238266,-2.0193753713202,2.38415718476398e-05,3.59177823834578e-11,0.129136793357732,0.000409648797356983,0.000409746430526562,0.0012804138740488,4,4,300,922,1604.259618167,32232,TRUE
1.3e-07,5,0.4,7.06877348326058,0.000488802132621535,0.00613226203027989,-0.0276713504325609,0.0888074174874682,0.287502293506386,0.147372268775168,-1.09554966514248,1.48727322417141e-05,7.20740539132871e-11,0.242751958738471,0.00093940730032937,0.000939556749891225,0.000993350141384083,4,4,445,431,1184.780694667,32232,FALSE
1.3e-07,3.5,0.6,0.360251727957078,0.000225132393189904,0.00465486165031279,-0.0839634362842316,0.0567886494800894,-0.559235911616333,0.260359484477829,-1.35554283940928,1.86104328565386e-05,5.56430343078549e-10,0.911270067823376,0.000846587860762484,0.000861353526531667,0.179769181962593,4,4,724,499,1630.551299917,32232,FALSE
1.3e-07,5.8,0.5,8.17563375770735,0.000341539016057009,0.0104307952419338,-0.0387308359540611,0.00129055884204883,0.097658105143282,0.0874751185322057,-1.20777682192164,1.46181324998821e-05,1.23226572899272e-10,0.16003197587507,0.000878333281963668,0.000880049061291417,0.00188646097775682,4,4,433,633,1114.778920167,32232,FALSE
7e-07,3.5,0.7,0.167571776044492,4.03280949659777e-05,-0.000417038288318218,-0.46426938851899,0.190129832775964,-3.55095345737342,3.11145038104031,-4.47812367587909,2.9229365666332e-05,2.11790117743252e-09,2.60302873531648,0.00390644987135607,0.00401552864933406,3.09569331390421,4,4,714,628,1782.306573666,32232,FALSE
7e-07,4.2,0.7,1.24135966429723,1.81801688118344e-08,0.00285316570636081,3.46080572508379,-0.951428739092175,-3.02717905637044,1.90275098461281,-7.2703825112286,7.30003916491745e-05,9.07036525241059e-10,2.58880693018922,0.00119797485487389,0.0122648508937906,3.24915411488536,4,4,428,965,1742.895017959,32232,FALSE
7e-07,5,0.7,3.77811771941283,0.00071094312581465,0.00389826393986388,-0.0366038313815538,0.0750927276917267,0.148491668285964,0.160083615878417,-0.602565181798232,9.19368622467258e-06,2.05473365731796e-10,0.519959917466956,0.000533284874313037,0.000552191470112598,0.024973102034563,4,4,391,398,1089.487698208,32232,TRUE
3e-07,5.8,0.5,8.16358915636776,0.000475148681037939,0.000959901966630961,-0.000936514478555198,0.210823141669619,0.00636788609461925,0.0277404967813948,-0.516862527476394,1.28536989951698e-05,-3.17530862446777e-11,0.328038528641403,0.00115189544813967,0.00115201534873358,0.000410175059638392,4,4,329,424,1039.146212958,32232,FALSE
7e-07,5.8,0.6,7.02686914831733,0.000287773917332911,0.004256663295164,-0.0103095844768617,0.113253321939431,0.157883367314446,0.0880903000715006,-0.510765980373249,9.13419317164105e-06,2.55254261768008e-10,0.461476517218102,0.000834002586270877,0.000834093607724047,0.002128331647582,4,4,332,995,1784.79454175,32232,FALSE
7e-07,5.8,0.7,5.89714576886824,0.000340743770478994,0.00417003075794547,-0.0102055416283275,0.0929383184886458,0.148372984549921,0.0996348273948255,-0.586439170609605,9.69599739731451e-06,4.40238547631298e-10,0.622248524686184,0.000545751624370534,0.000545770704981918,0.00100901966608769,4,4,412,561,1341.990537042,32232,TRUE
1.3e-07,3.5,0.5,1.7234326578019,0.00106191003319818,0.00825357904278011,-0.0221776118193125,0.0386493672438276,-0.145585982887622,0.343324314424258,-0.942341587720166,1.13313728251063e-05,4.23547392340746e-10,0.514564590946384,0.000345236575046908,0.000345820834647294,0.00423368004952706,4,4,411,661,1479.349616792,32232,TRUE
1.3e-07,4.2,0.6,2.6568771675259,0.00322723712786695,0.00700679761788264,-0.0626397326111162,0.0990662527217342,0.0111886539984644,0.108675915932661,-1.46241485434672,2.05907296069232e-05,1.15917646879831e-10,0.231843853209649,0.000607447425153187,0.000607447425153187,8.98586409921168e-13,4,4,372,729,1516.403964458,32232,TRUE
1.3e-07,5.8,0.4,9.19225210298939,0.000522612043795672,0.00118078041687991,-0.00100921196235832,0.224010316621742,0.0101600572359901,0.018187819510595,-0.441314787800515,1.36008891081248e-05,-5.22803099291491e-11,0.402547708289329,0.00161454885018044,0.00161566165477299,0.00759819788944896,4,4,369,466,1048.208034167,32232,FALSE
