"Delta","R","delta0_hat","eta_hat","lambda_hat","delta1_hat","delta2_hat","gamma1","gamma2","gamma3","gamma4","gamma5","gamma6","gamma7","gamma8","gamma9","gamma10","Lhat","Lhat_pass1","wander","convergence","convergence_pass1","iters","iters_pass1","point_seconds","n","TS","pass"
-0.5,1190,3.5783145286146,0.00118637203291733,6.84232785250371e-07,4.19664649776716,0.503497978321538,0.0108642121320212,-0.0799154829891002,0.108556566964986,0.147013534422289,0.0987701865931125,-1.21960800485701,8.13740228627608e-06,3.01112724721431e-10,0.495788255371693,-0.0688755166180224,4.18525389913905e-05,4.18527929512089e-05,0.000846900487546052,4,4,417,398,1495.10398925,32232,2.69798041042275,TRUE
-0.5,1446,3.57376286101511,0.00120154256615064,6.88975067790373e-07,4.20674455274451,0.506325142169072,0.0101238975852141,-0.0970399441886926,0.0849659631382507,0.155198828768069,0.0954404234350761,-1.18694935298863,8.28846764413574e-06,2.94534247369163e-10,0.4843381824162,-0.0685615887448133,2.17902319526054e-05,2.17903575989865e-05,0.000447457629268325,4,4,343,617,1625.782374292,32232,1.4046838494745,TRUE
-0.5,1701,3.57376471413011,0.00118147355456448,6.77135902803855e-07,4.19447742180412,0.503395436799948,0.0105677093897066,-0.0819410034289342,0.112316757204327,0.148526157805578,0.10085137681053,-1.22988925729768,7.94048828749666e-06,3.03036942242583e-10,0.508960987438941,-0.0694124231160705,8.24920751115139e-06,8.25162277137172e-06,0.0151571970127789,4,4,510,387,1394.419531375,32232,0.531775249880612,TRUE
-0.5,1956,3.57595614590811,0.00118777958625073,6.89040136374367e-07,4.1852536212977,0.500728699929471,0.010466002721443,-0.0968169695390889,0.109512696575526,0.148346118742246,0.0967631159516431,-1.21936268574531,8.46413747647456e-06,3.07597698543975e-10,0.4973497953623,-0.0644955110744184,1.16397120977828e-06,1.16449565695978e-06,0.000722835837800352,4,4,334,356,1032.563084166,32232,0.0750325769488962,TRUE
-0.5,2211,3.65172754766794,0.00121785689712606,3.85251606358193e-07,4.30798337420354,0.52672429733423,0.00611529894796948,-0.0694644215559148,0.184105771512589,0.253703811721214,0.122622077987293,-1.08353607118323,7.52722335469767e-06,5.32476401065173e-10,0.444953678225183,-0.315680515937557,5.47831539640443e-07,5.47913920612782e-07,0.000315148470223593,4,4,335,359,1035.527708416,32232,0.0353137492531307,TRUE
-0.25,1190,3.57655192224072,0.00118069114030407,3.9926709490375e-07,4.19819196538926,0.504477434973622,0.00552940349235747,-0.0672825092522324,0.108721388505231,0.147744853381898,0.0983401002602282,-1.22248669707342,8.08575956528657e-06,2.91890023425296e-10,0.493638559542798,-0.0686082485974073,2.55668612524801e-05,2.55684142713595e-05,0.00265707121112275,4,4,465,418,1606.024396416,32232,1.64814048066163,TRUE
-0.25,1446,3.57416771399654,0.00118945779158099,3.98925444709572e-07,4.20530962478912,0.506342148059738,0.00521830821392849,-0.0640908457951258,0.0858239293203983,0.155366475676283,0.0954353442097616,-1.19146137869705,8.27439888543029e-06,3.04091051067976e-10,0.49691095135407,-0.0659184416015577,1.05992687699636e-05,1.06000186200525e-05,0.00283813352059147,4,4,400,423,1499.854355583,32232,0.683269598868683,TRUE
-0.25,1701,3.57360848571101,0.00117461447180319,3.95366234592553e-07,4.19392799721705,0.503661882002405,0.00538389568935509,-0.0669263155266741,0.109699953895233,0.146840437226298,0.0997366532558052,-1.23064922083069,8.03961769656882e-06,3.03510029268647e-10,0.490218004388302,-0.068233529928899,2.12823280234582e-06,2.12841518902716e-06,0.00176417088071068,4,4,413,450,1511.812526125,32232,0.13719273625217,TRUE
-0.25,1956,3.57500360484488,0.00117872615258666,3.98041940795164e-07,4.18505434580643,0.501186713665971,0.00529043067490511,-0.0658232515919462,0.109028760143998,0.148652607797887,0.0963613375893904,-1.2214712730981,8.41282668196745e-06,3.00671925675927e-10,0.493576026173195,-0.0644181596011044,1.12066273109165e-07,1.12129103769576e-07,0.000470293393055809,4,4,359,420,1276.657296334,32232,0.00722257711145837,TRUE
-0.25,2211,3.65189919947585,0.00121824595605025,2.47133867157083e-07,4.30799237500824,0.526716188226608,0.00484486620766134,-0.0689043548780714,0.184165348845047,0.253721806208881,0.122707552995295,-1.08405145372577,7.43795175291478e-06,3.51774901701576e-10,0.44489755196804,-0.211093627962605,4.6421161985584e-06,4.64244855113331e-06,0.000304279860538823,4,4,313,475,1307.207280375,32232,0.299247715505618,TRUE
0,1190,3.5910135955676,0.00117416363210507,2.42765560232628e-07,4.20366162582585,0.501880055053731,0.00525175602332952,-0.0650033500380231,0.0871322008767026,0.138665416591817,0.100394675603827,-1.1544258350705,8.44244307866967e-06,2.99511127206467e-10,0.487027283421842,-0.0676347746898484,1.29115648483861e-05,1.29115731464669e-05,0.000672456321508021,4,4,355,578,1772.087767084,32232,0.832329453268111,TRUE
0,1446,3.58881986463082,0.001169736757244,2.41645989032096e-07,4.20385169983804,0.502127545955546,0.00518967615106277,-0.0639416077783776,0.0866431728245186,0.137539019818942,0.100485379451453,-1.15558266454894,8.40444191345327e-06,3.00793542241697e-10,0.490093286431016,-0.0652783296603104,3.20663778295205e-06,3.20668217478213e-06,0.000842583235574357,4,4,359,535,1698.115756208,32232,0.20671103492197,TRUE
0,1701,3.5888608592758,0.00116807497013518,2.40772733030946e-07,4.1998500933072,0.501127668524078,0.00514341523068526,-0.0647413361638899,0.0879924136294782,0.138871203684137,0.101443653023409,-1.16019790787632,8.44086766341888e-06,2.94596024646598e-10,0.486835130581956,-0.0674493015747281,2.57991786244532e-11,5.87744525694969e-11,0.000408470653067866,4,4,362,526,1685.639128958,32232,0,TRUE
0,1956,3.58869908204572,0.00117147459799285,2.42137663142268e-07,4.19523301549138,0.499918956149972,0.00517232323022224,-0.0645919434882263,0.0873167012985233,0.139696448354341,0.10025834432424,-1.15722975107816,8.47538457511793e-06,2.95529988741936e-10,0.487350787308534,-0.0643278317711397,3.24121687062612e-06,3.24123310496734e-06,0.00016618659887409,4,4,338,540,1666.708603875,32232,0.208940141229791,TRUE
0,2211,3.5992562771988,0.0012104381708806,2.31219994968823e-07,4.31686808230718,0.530175972616818,0.00472170678194675,-0.0654251786870846,0.0917634987912879,0.126444789599827,0.113695197661668,-1.09038948934899,7.25986972287577e-06,2.99611360757524e-10,0.453660285438581,-0.178218367346208,1.29311454586563e-05,1.29311526901402e-05,0.000386096384764842,4,4,390,590,1862.637550791,32232,0.833591697728569,TRUE
0.5,1190,3.55906471309993,0.00256047351927981,1.54094945114043e-06,4.32369376951914,0.538316200658829,-0.0113368329474482,0.0784521947472155,0.384923604644542,1.32995349716484,0.666263616582617,-4.51353686448201,1.98357210835699e-05,2.47668748264736e-10,0.444932321615691,-0.128796865260643,0.00120540123223516,0.00357156798583162,1.96157283753059,4,4,920,1155,3646.09340525,32232,77.7049833716891,FALSE
0.5,1446,4.49315903968202,0.0200089148134778,5.99283486156515e-06,5.41063840118903,0.735550221956628,0.112461492228319,-0.401026066788906,0.353221423807773,-0.0418467714460401,0.75800311429496,4.06519406253588,5.01676850143005e-05,1.82517564085669e-08,41.7912608687041,-0.00289773046753816,0.00010783193516277,0.000108045803805648,0.137884668134271,4,5,947,2000,5546.395906958,32232,6.95127620521455,TRUE
0.5,1701,4.06895617240815,0.0017545544565326,1.93618905676133e-06,4.96010527234327,0.651507074116627,0.00478183375838497,-0.350001290919597,0.595624059752245,-0.19590545202341,0.0139893188112329,-0.435184398800023,5.02082290640476e-06,-1.45660875440954e-10,-0.0585069931156713,-0.00147607791065004,0.000946289493757974,0.0010201967084024,0.131300787621923,4,4,844,1416,4318.449465333,32232,61.0016042624958,FALSE
0.5,1956,3.04510208367602,0.0548739977568479,6.6564922970652e-05,4.28567461935444,0.576134201952784,-0.0268750464562289,-6.18114517507613,-1.50955221727141,-1.26810041548812,15.0273375027284,-35.2896483427713,0.000335504543812532,-1.85276562140423e-08,5.4643844415015,0.000412023980867837,2.98718779142363e-05,0.00104740724243341,36.7044244699916,4,5,1292,2000,5867.518695125,32232,1.92565907474508,TRUE
0.5,2211,1.57454136391027,0.0420690580122173,3.98676048527545e-05,3.18516195206046,0.426526093256685,0.219280883396443,-3.50041917579994,9.97052575667389,3.73054336721899,2.92822093020997,-11.6318069020631,-5.53032707633953e-06,5.99907356475783e-09,7.17508740854501,0.00177793109133271,6.06305758936793e-05,0.00224944861874425,16.3862710351261,4,4,1387,1225,4754.591787083,32232,3.90848778129189,TRUE
0.75,1190,4.28926105764523,0.0186703905144462,3.03952241690335e-05,5.18153423503716,0.695152956978197,-0.0388537848642772,0.224836101423323,6.6510205415421,2.93793256835735,1.81170556652431,-22.9323315963489,-5.15182934452007e-05,3.77585089075185e-09,1.79883713991756,-1.01254401998732,1.12116795585503e-05,1.28578520134852e-05,0.30080609684571,4,4,726,1129,3286.723321667,32232,0.722748047944136,TRUE
0.75,1446,4.38722814897038,0.0316944115366018,5.98496870986476e-06,5.26563327534074,0.70412231315745,0.107417960173947,-0.3997054020834,0.354050836582105,-0.0414319044511985,0.751369892596323,4.10915778107627,5.61580325382159e-05,1.90421970154482e-08,41.7553004018457,-0.0028823283165035,0.000224409561832107,0.000226819618118173,0.0739085608631251,4,4,655,664,2509.781574625,32232,14.4663363308267,TRUE
0.75,1701,4.0934214408954,0.00316981001575163,1.95240061043503e-06,4.98914729482795,0.654402167030109,-0.0029734239012074,-0.40010789400521,0.597743006388485,-0.195038531686896,0.0121988710282952,-0.436010832351838,1.65838316967928e-05,-5.51503494068156e-10,-0.115101328417725,-0.00146886921998971,0.00184031168403698,0.00184300293282565,0.0121201469902306,4,4,1085,1358,4717.1857585,32232,118.633850736642,FALSE
0.75,1956,3.01619289440371,0.0249531359925212,9.9543428253518e-05,4.25985616934969,0.571761030133696,-0.000241719179657225,-11.9007506679811,-1.33711232919072,-2.48912530817098,15.0037306115795,-40.3727278810657,-5.60796267791821e-06,-5.65218076842074e-08,-2.05273881216772,-0.000236221686070309,4.66860291140275e-05,4.71719154574258e-05,2.61837368210611,4,4,1159,1170,4072.731335583,32232,3.00956651768842,TRUE
0.75,2211,1.55726929113343,0.00683558419817525,7.6764047322112e-05,3.17189582872055,0.424484179755724,-0.327186705726626,-1.80121262577505,7.93388176659222,1.22042866980992,2.99809694896222,-6.64705449355984,-1.01590902553814e-05,3.30411125593815e-08,23.053370852372,0.00453691004328117,7.82743006393424e-05,9.10477490052154e-05,0.565571697850754,4,4,876,1704,4577.055351583,32232,5.04587285329632,TRUE
