"Delta","target"
-0.05,1695.83511072593
-0.05,1736.05193981257
-0.05,1776.26876889921
-0.05,1816.48559798585
-0.05,1856.70242707249
-0.04,1686.81134931443
-0.04,1727.51786610403
-0.04,1768.22438289362
-0.04,1808.93089968321
-0.04,1849.63741647281
-0.03,1677.41298777614
-0.03,1718.65469280119
-0.03,1759.89639782624
-0.03,1801.13810285129
-0.03,1842.37980787634
-0.02,1667.1998911904
-0.02,1709.05857784495
-0.02,1750.91726449951
-0.02,1792.77595115407
-0.02,1834.63463780863
-0.01,1654.532793002
-0.01,1697.18982306033
-0.01,1739.84685311866
-0.01,1782.50388317699
-0.01,1825.16091323532
0,1612.319926485
0,1656.42279168146
0,1700.52565687793
0,1744.6285220744
0,1788.73138727086
0.01,1263.427487546
0.01,1309.76954646007
0.01,1356.11160537413
0.01,1402.45366428819
0.01,1448.79572320226
0.02,916.429261562864
0.02,965.703946601257
0.02,1014.97863163965
0.02,1064.25331667804
0.02,1113.52800171644
0.03,571.50204432154
0.03,624.266607311867
0.03,677.031170302194
0.03,729.795733292521
0.03,782.560296282848
0.04,228.796264659764
0.04,285.486798120583
0.04,342.177331581402
0.04,398.867865042221
0.04,455.55839850304
0.05,-111.575536900251
0.05,-50.6234053203307
0.05,10.3287262595891
0.05,71.2808578395089
0.05,132.232989419429
