"Delta","target","side"
-0.07,1726.64844269781,"lower"
-0.06,1717.90371088742,"lower"
-0.06,1830.203193681,"upper"
-0.05,1706.34569225816,"lower"
-0.05,1823.64843957087,"upper"
-0.04,1695.32053113409,"lower"
-0.04,1818.30432704812,"upper"
-0.03,1683.40991568552,"lower"
-0.03,1809.26292545512,"upper"
-0.02,1674.25010100036,"lower"
-0.02,1803.79720602006,"upper"
-0.01,1671.72973109576,"lower"
-0.01,1792.99067500239,"upper"
0,1643.03886709232,"lower"
0,1764.98056933443,"upper"
0.005,1471.72253334536,"lower"
0.005,1590.31925221024,"upper"
0.01,1295.13263409661,"lower"
0.01,1423.43420555073,"upper"
0.02,949.353662168464,"lower"
0.02,1085.83884809814,"upper"
0.03,605.584775577328,"lower"
0.03,752.798987812618,"upper"
0.04,265.257704587933,"lower"
0.04,422.951941313468,"upper"
0.05,-72.744153928353,"lower"
0.05,96.8922017494886,"upper"
