Delta,R,delta0,lambda,delta1,delta2,gamma1,gamma2,gamma3,gamma4,gamma5,gamma6,gamma7,gamma8,gamma9,gamma10,Lhat,Lhat_pass1,wander,convergence,convergence_pass1,iters,iters_pass1,point_seconds,n
0.005,1437.64833376128,3.46356,5.427e-07,4.3,0.54,0.0173503963042512,-0.0225934987605167,0.234401095649622,-0.214026783448267,0.0529449800295464,-1.82301255009872,3.24670482216361e-05,1.28239698672545e-07,10.2991667537718,-6.35893742740665e-06,0.000758688370800159,0.000761720355126037,0.976051273933871,4,4,377,487,1110.4619245,32232
0.005,1482.77535453642,3.46356,5.427e-07,4.3,0.54,0.0149422727917143,-0.0240155320572038,0.251655040332646,-0.261347025581275,0.0538467734535958,-1.7593636516042,3.04695018904912e-05,4.15046131806838e-08,9.08453446682407,-3.50236623796934e-06,0.000319259150383633,0.000319259163141131,0.000454767597272231,4,4,313,332,858.730379042,32232
0.005,1527.90237531156,3.46356,5.427e-07,4.3,0.54,0.0149407496804176,-0.0240132830511236,0.251638721646579,-0.261341611824571,0.0538583654330186,-1.75932662052063,3.0470472179472e-05,4.25718348300157e-08,9.08474852193919,-3.57517819533985e-06,0.000155072845699385,0.000155072845699385,5.50066407815639e-08,4,4,313,322,1211.015558833,32232
0.005,1573.02939608669,3.46356,5.427e-07,4.3,0.54,0.0148227209120591,-0.0239939540271275,0.253411423705871,-0.256055637637837,0.054047625216465,-1.77703891446873,3.04816710785249e-05,8.32455045998062e-08,9.04249008549939,-4.45240873309494e-06,0.000273248194196296,0.00027325065774129,0.00112133770604194,4,4,355,423,1421.607398,32232
0.005,1618.15641686183,3.46356,5.427e-07,4.3,0.54,0.0144745633221699,-0.0254888681428412,0.261010349361623,-0.265989053681136,0.0537334317828215,-1.74297103780423,2.98604943855981e-05,7.3451290910885e-08,8.6895465737125,-3.84930749913669e-06,0.000674250372907062,0.000674253687621327,0.0014479532341795,4,4,351,499,1528.050606917,32232
-0.06,1704.66394210304,3.46356,5.427e-07,4.3,0.54,0.00997572674637576,-0.0186239200307736,0.1914148697618,-0.459743719187973,0.025771872678504,-2.3874659989554,3.94304122419087e-05,3.58186407919976e-08,11.8504920647175,-4.4038974060078e-06,0.000528715686339884,0.000528818021967254,0.00371103058516112,4,4,413,736,1540.252599125,32232
-0.06,1744.41648205226,3.46356,5.427e-07,4.3,0.54,0.0125053742990321,-0.0212955758882984,0.232056753097299,-0.324425126278345,0.0458202205282287,-1.98899355569309,3.41361046690395e-05,2.56133359050977e-07,10.2815100802169,-2.55286043498141e-05,0.000222974582131298,0.000223330969148566,1.27649446174569e-05,4,4,272,862,1530.468905583,32232
-0.06,1784.16902200148,3.46356,5.427e-07,4.3,0.54,0.0150396126551579,-0.024128039162697,0.253036627612733,-0.25816127831036,0.0542067813319087,-1.74931372045163,3.03137424587822e-05,4.46531836425546e-08,9.03664764583868,-3.64468330944767e-06,0.000161765349554238,0.000161765349554238,3.46148710407396e-10,4,4,320,346,1386.212637417,32232
-0.06,1823.92156195071,3.46356,5.427e-07,4.3,0.54,0.0146592674041138,-0.0254345017854782,0.259782921939325,-0.268578698110976,0.0536380007965415,-1.7217552081134,2.98198087348729e-05,6.65544183514539e-08,8.76400219002321,-4.1615110576376e-06,0.000361149481459613,0.000361149481459613,5.15925723654679e-10,4,4,284,522,1623.475672334,32232
-0.06,1863.67410189993,3.46356,5.427e-07,4.3,0.54,0.0212458663763573,-0.0289899231700294,0.306152176739021,-0.279867872671367,0.0504262362502703,-1.28329832951352,2.45391706113845e-05,6.40453098181997e-08,6.87206068042825,-6.56722846886055e-06,0.000777162523650294,0.000818542430808024,0.907103288221777,4,4,929,496,2554.36219175,32232
-0.07,1713.38320372481,3.46356,5.427e-07,4.3,0.54,0.0142409135543483,-0.0264254845945787,0.195489619315219,-0.171665032413445,0.0454263527396509,-2.05870619066471,3.54508266541017e-05,1.21057895950615e-07,11.9045542818937,-5.41337923387977e-06,0.000536935819478626,0.000538346668540402,0.161813248871167,4,4,346,410,1024.701432292,32232
-0.07,1752.68722226562,3.46356,5.427e-07,4.3,0.54,0.0100193625136385,-0.0206282399941209,0.195928058123242,-0.140172842363407,0.0525516824955397,-2.09619890737318,3.56161929429871e-05,1.6850253515518e-07,12.0434888618452,-8.00946797995753e-06,0.000210869056617092,0.000210970588479628,0.00347257450592895,4,4,329,621,1246.634070542,32232
-0.07,1791.99124080644,3.46356,5.427e-07,4.3,0.54,0.0170129883849063,-0.0243743544407447,0.244434589214074,-0.258420518431182,0.0526553656167564,-1.70282425654673,2.92756957537804e-05,3.20244262762211e-08,8.62459692203117,-3.49367298839432e-06,0.000160343159455766,0.000160356136044371,0.00180245040973944,4,4,365,536,1670.631970542,32232
-0.07,1831.29525934725,3.46356,5.427e-07,4.3,0.54,0.030651391359204,-0.0320296462013634,0.207655112508837,-0.243806363676087,0.0417003222293823,-0.98925531972376,1.74193635249439e-05,4.71589413274752e-08,4.12294638701134,-7.71238181535692e-06,0.000273789842438996,0.000281114988391077,0.0424588713662982,4,4,525,629,2104.462557583,32232
-0.07,1870.59927788806,3.46356,5.427e-07,4.3,0.54,0.0131093974100651,-0.0313833896026796,0.0565784379323929,-0.0950641263743139,0.0309044392515612,-0.524408255994769,7.55187468309181e-06,2.05747480881757e-07,1.13685628887393,-1.31435898538589e-05,0.000423968806949274,0.000424348926051015,0.00699097272328593,4,4,389,507,1728.084734917,32232
