"Delta","R","delta0","lambda","delta1","delta2","gamma1","gamma2","gamma3","gamma4","gamma5","gamma6","gamma7","gamma8","gamma9","gamma10","Lhat","Lhat_pass1","wander","convergence","convergence_pass1","iters","iters_pass1","point_seconds","n","TS_soft","TS_hard","pass_soft","pass_hard"
-0.05,1695.83511072593,3.46356,5.427e-07,4.3,0.54,-0.0209363931136948,0.0138372157030979,0.230059373804284,-0.0146822944561475,0.119567375757421,-3.3197725823862,5.37396900298617e-05,-2.57724599437083e-07,18.7978854307236,0.000111064798960421,0.000464523002846647,0.000464602891919825,0.0252398934767439,4,4,361,1044,1751.604586458,32232,20.7331933502719,29.9450108555063,FALSE,FALSE
-0.05,1736.05193981257,3.46356,5.427e-07,4.3,0.54,0.0128868058999221,-0.0184409917634898,0.193538068750088,-0.325746477005056,0.0431665861178544,-2.23822884730122,3.71674308492721e-05,1.37983159413747e-07,11.4977496830434,4.31478104414935e-06,0.000219653042120557,0.000227594492752363,1.52153645054231,4,4,481,726,1579.086575958,32232,4.9478962020252,14.1597137072596,TRUE,TRUE
-0.05,1776.26876889921,3.46356,5.427e-07,4.3,0.54,0.0150476355649538,-0.0241375293806255,0.253022679583842,-0.258537137245733,0.0541264869913788,-1.74876319473416,3.03169546578884e-05,3.19044726091883e-08,9.03773869282696,-5.06470871416466e-09,0.000161474561713349,0.000161515623945285,0.00199977022560924,4,4,398,341,1515.028040584,32232,1.19747864105494,10.4092961462893,TRUE,TRUE
-0.05,1816.48559798585,3.46356,5.427e-07,4.3,0.54,0.0147155429937645,-0.0253529216230165,0.259529815091937,-0.267313659482859,0.0536941274756318,-1.7218006188754,2.98315321847731e-05,6.3812110963968e-08,8.77902896207267,-4.26109172551856e-06,0.000360176316709183,0.000360176316709183,4.94667526852457e-10,4,4,285,461,1528.889085542,32232,14.0065885751064,23.2184060803408,TRUE,FALSE
-0.05,1856.70242707249,3.46356,5.427e-07,4.3,0.54,0.0157029189579405,-0.0296691635642466,0.282356962636418,-0.274392683112835,0.0530680900152412,-1.49488016893588,2.72959253341586e-05,7.78937882688197e-08,7.91519651792617,-7.95706745445983e-06,0.000808456587110746,0.000816911485055325,0.154095820319013,4,4,426,531,1851.770924708,32232,42.9045279262727,52.1163454315071,FALSE,FALSE
-0.04,1686.81134931443,3.46356,5.427e-07,4.3,0.54,-0.0162844346814183,0.0118175811271401,0.229962475456861,-0.0868486863032686,0.106477805744236,-3.34107178472601,5.4263091871127e-05,1.307111688112e-07,18.8035365032536,-7.17996609026101e-05,0.000468492072654163,0.000468676448780639,0.0772302510782019,4,4,322,795,1401.646303083,32232,20.9890554663436,30.200872971578,FALSE,FALSE
-0.04,1727.51786610403,3.46356,5.427e-07,4.3,0.54,0.0143025913004416,-0.0217060759543185,0.228227154947697,-0.316277521013017,0.0459127500678438,-1.93002043669553,3.34485903254685e-05,1.21153838883726e-07,10.1161864721012,-5.46259329307924e-06,0.000229320850768181,0.000233306917291067,0.575302170721885,4,4,482,323,1073.319472083,32232,5.57112181868563,14.78293932392,TRUE,TRUE
-0.04,1768.22438289362,3.46356,5.427e-07,4.3,0.54,0.0150471920996696,-0.0241380816922875,0.253041766399145,-0.258419618284611,0.0541528920017855,-1.74853772499592,3.03137634298259e-05,5.36014598770457e-08,9.03717436068249,-3.68719243510135e-06,0.000161114354548061,0.000161128331494009,0.000561366354846624,4,4,317,356,1331.55165,32232,1.17425824635182,10.3860757515862,TRUE,TRUE
-0.04,1808.93089968321,3.46356,5.427e-07,4.3,0.54,0.0146791143918402,-0.0254170702231491,0.259661878621234,-0.268467551044438,0.0536407166844189,-1.72098682039888,2.98206750457442e-05,7.88827084332609e-08,8.76894179174268,-4.55971318873965e-06,0.000358365222045393,0.000358370105796027,0.000466824687380794,4,4,306,462,1477.130209958,32232,13.8898381686998,23.1016556739342,TRUE,FALSE
-0.04,1849.63741647281,3.46356,5.427e-07,4.3,0.54,0.0192946088493658,-0.0375582255783647,0.355059189212957,-0.235685956455955,0.0539505784278662,-0.972467856923527,2.09807918954691e-05,-5.28028111357606e-08,5.8239428490632,3.97754273555386e-06,0.000702326967532796,0.000702353481487392,0.00054960361491735,4,4,335,619,1785.73032975,32232,36.0629881297998,45.2748056350342,FALSE,FALSE
-0.03,1677.41298777614,3.46356,5.427e-07,4.3,0.54,0.051134198687461,-0.000128116102409636,0.230928364535649,-0.109014078068528,0.0872254707844847,-3.08477454593056,5.11525309934619e-05,3.72519906031497e-07,17.7827785524666,-5.04012440906021e-05,0.000477842615831483,0.000492429291219899,1.79373776763902,4,4,736,1263,2301.979991708,32232,21.5918288817263,30.8036463869607,FALSE,FALSE
-0.03,1718.65469280119,3.46356,5.427e-07,4.3,0.54,0.0159535671027984,-0.0225059706973103,0.205168870477203,-0.185917980656614,0.0476633870431254,-2.04781376246156,3.5027439124042e-05,1.84279121546994e-07,11.5789475459393,-5.75515539934532e-06,0.000220090884595956,0.000236176682074226,2.18144295564433,4,4,455,652,1452.166641667,32232,4.97612127935932,14.1879387845937,TRUE,TRUE
-0.03,1759.89639782624,3.46356,5.427e-07,4.3,0.54,0.0149401262989576,-0.0240124349620528,0.251633918064792,-0.261339700381921,0.05385831520302,-1.75944434105163,3.04708748407887e-05,6.1943306833563e-08,9.0848977003403,-3.44834396328732e-06,0.000160662214940467,0.000160662214940467,9.52973951285594e-10,4,4,292,292,1202.249993541,32232,1.14511151868788,10.3569290239223,TRUE,TRUE
-0.03,1801.13810285129,3.46356,5.427e-07,4.3,0.54,0.0146867770740356,-0.0254031182536952,0.259653635354641,-0.268144197280313,0.0536583617214439,-1.72131056110619,2.98219842561903e-05,6.48932893187114e-08,8.77061524124163,-4.50878264497722e-06,0.000355470738978806,0.000355470738978806,5.03048754408614e-10,4,4,282,472,1505.532422416,32232,13.7032482122954,22.9150657175297,TRUE,FALSE
-0.03,1842.37980787634,3.46356,5.427e-07,4.3,0.54,0.0195543097940257,-0.0370468068546985,0.348653496828286,-0.226584173492632,0.0542096407363784,-0.974494153417726,2.10396639436088e-05,1.11559813399958e-07,5.9482405410512,-6.9108893720239e-07,0.000701285771532303,0.000702324440755542,0.0056633173282958,4,4,498,566,2004.730218292,32232,35.995868470824,45.2076859760584,FALSE,FALSE
-0.02,1667.1998911904,3.46356,5.427e-07,4.3,0.54,-0.00893089783692362,0.00407219183358216,0.274733633913098,-0.0485643602969639,0.106447039405234,-2.7744968096234,4.76019151821696e-05,1.03687730008585e-06,16.5726177567279,-3.94949295545011e-05,0.000500675363638832,0.000500677913566992,0.000897490836989902,4,4,255,1260,1892.003879375,32232,23.0637191363793,32.2755366416137,FALSE,FALSE
-0.02,1709.05857784495,3.46356,5.427e-07,4.3,0.54,0.0158981148867857,-0.0287828860328046,0.204578355444628,-0.164387490278484,0.0475156709367378,-1.98845530220064,3.44456979094939e-05,1.47893725523432e-07,11.5130077734142,-4.05826550685398e-06,0.000226615540866654,0.000242476402343962,2.25295972967504,4,4,489,583,1441.854931375,32232,5.3967267211936,14.608544226428,TRUE,TRUE
-0.02,1750.91726449951,3.46356,5.427e-07,4.3,0.54,0.0150738224186169,-0.024166828700765,0.25324595701845,-0.258520628901,0.0540546992654528,-1.74719453565627,3.02961921595825e-05,4.90947117945873e-08,9.03176709997517,-4.11159862837768e-06,0.000159353402076535,0.000159400690097925,0.00353806220180713,4,4,318,423,1521.141732208,32232,1.06074020622736,10.2725577114618,TRUE,TRUE
-0.02,1792.77595115407,3.46356,5.427e-07,4.3,0.54,0.0194877374331306,-0.0269390397158378,0.200940381762482,-0.37105932636101,0.0384084222553349,-1.2323972711962,1.98854383250798e-05,7.83804607530401e-08,4.27824012498914,-8.54183198445648e-06,0.000277622571819376,0.0003501200409586,4.54094515930863,4,4,663,446,2112.424157292,32232,8.68484396452987,17.8966614697643,TRUE,TRUE
-0.02,1834.63463780863,3.46356,5.427e-07,4.3,0.54,0.016675539908447,-0.0299178676297875,0.291045974334117,-0.258805719759895,0.0534090804855485,-1.43217845469843,2.67642576842822e-05,9.48556318038566e-08,7.85355581053638,-5.45992726557705e-06,0.000796008017810768,0.000803839251166323,0.0907694044578709,4,4,553,660,2252.619112625,32232,42.102043354919,51.3138608601533,FALSE,FALSE
-0.01,1654.532793002,3.46356,5.427e-07,4.3,0.54,-0.0179741779401682,0.031380427662328,0.239432848499336,-0.037815081699504,0.122192460958285,-3.21438865844379,5.30348287392268e-05,1.0520164098158e-07,18.5237425281313,1.79580565595796e-06,0.000523696906026457,0.000527699975499122,0.0620456836376207,4,4,442,948,1737.6035425,32232,24.5477798448551,33.7595973500895,FALSE,FALSE
-0.01,1697.18982306033,3.46356,5.427e-07,4.3,0.54,0.013488105104612,-0.0155209836740096,0.204999069082093,-0.232808178136511,0.0485277593817944,-2.11734600374305,3.61855582976565e-05,2.95692196339019e-07,11.7042264590068,-5.06218661002032e-06,0.000237905472743678,0.000249644808572507,1.91395881305607,4,4,483,641,1479.01545475,32232,6.12452088971407,15.3363383949485,TRUE,TRUE
-0.01,1739.84685311866,3.46356,5.427e-07,4.3,0.54,0.0149410857055842,-0.0240134743763138,0.25164655324768,-0.261312947119778,0.0538595089607747,-1.75938408295356,3.04697621580909e-05,4.06077237193145e-08,9.08439979263069,-3.47088465570012e-06,0.000157347637854802,0.000157347637854802,1.35063120359517e-08,4,4,293,291,1209.88211425,32232,0.931440621437567,10.143258126672,TRUE,TRUE
-0.01,1782.50388317699,3.46356,5.427e-07,4.3,0.54,0.0158838490557613,-0.0254531889926594,0.246386893646855,-0.309449685028355,0.0489145301506803,-1.59500678760453,2.72024668874472e-05,4.00596380552989e-08,7.46564060152085,-6.13727257921232e-06,0.000325180612919927,0.000336926617459176,1.31108872257757,4,4,525,451,1859.742815667,32232,11.7506255260358,20.9624430312702,TRUE,FALSE
-0.01,1825.16091323532,3.46356,5.427e-07,4.3,0.54,0.0146597477090807,-0.025748756825814,0.263386852953822,-0.266045186603656,0.0535799785725634,-1.71732706242842,2.96133889364058e-05,8.16386656339612e-08,8.62516302131242,-5.17816236856852e-06,0.000794778944161775,0.000795137210924598,0.0144461004990705,4,4,375,659,1941.864873166,32232,42.0228123512103,51.2346298564447,FALSE,FALSE
0,1612.319926485,3.46356,5.427e-07,4.3,0.54,0.0145379734350226,-0.0238675604632058,0.24698515246172,-0.274375195059323,0.0531913704387925,-1.739230459783,3.10367838996182e-05,1.11515929605293e-07,9.34548711728123,-5.95024127673231e-06,0.000765191882720372,0.00076533419055717,0.117740898352019,4,4,332,418,990.912112417,32232,40.1155120224517,49.3273295276861,FALSE,FALSE
0,1656.42279168146,3.46356,5.427e-07,4.3,0.54,0.0149417813280872,-0.0240146155601575,0.251653342733988,-0.261325028753419,0.0538554520724613,-1.75930653477397,3.0469320071448e-05,4.64680021507334e-08,9.08444510405386,-3.94590676493426e-06,0.000321147717762898,0.000321147717762898,3.05905454647886e-08,4,4,352,316,896.849683,32232,11.4906489726331,20.7024664778675,TRUE,FALSE
0,1700.52565687793,3.46356,5.427e-07,4.3,0.54,0.0149403663788425,-0.024012665457907,0.251644032481106,-0.261300274129083,0.0538634719812142,-1.75943378489802,3.04697901885883e-05,4.19311508075712e-08,9.08453223211547,-3.57471034172094e-06,0.000155148417063162,0.000155148417063162,1.08332007826664e-07,4,4,318,329,1224.42084525,32232,0.789670052325286,10.0014875575597,TRUE,TRUE
0,1744.6285220744,3.46356,5.427e-07,4.3,0.54,0.0152192618597333,-0.0268300616417287,0.253200441371806,-0.215499343664471,0.0547449215088002,-1.73087261927825,3.02819221363132e-05,1.13323336311784e-07,9.30550702302664,-5.27288895280569e-06,0.000268782941901963,0.000271987160655797,0.269835173123509,4,4,357,494,1527.28610425,32232,8.11500606153376,17.3268235667681,TRUE,TRUE
0,1788.73138727086,3.46356,5.427e-07,4.3,0.54,0.0138553517176829,-0.0254177159857112,0.25859073098258,-0.262206140102231,0.0526896018629547,-1.77045180073314,3.04120665164265e-05,9.71066913164322e-08,8.98363930673054,-5.26999717075323e-06,0.000672115543744557,0.000672132706334385,0.0714413352539773,4,4,375,436,1470.311413208,32232,34.1154389067147,43.3272564119491,FALSE,FALSE
0.01,1263.427487546,3.46356,5.427e-07,4.3,0.54,0.0155138805416227,-0.0257640434668687,0.228483795577743,-0.185563888109426,0.0557862717709415,-1.79200201338173,3.20337060408191e-05,9.28201313738092e-08,10.3137615374865,-4.09130054115916e-06,0.000754523155387617,0.000754524175331184,0.00819439567517245,4,4,327,343,900.156284541,32232,39.427763183673,48.6395806889073,FALSE,FALSE
0.01,1309.76954646007,3.46356,5.427e-07,4.3,0.54,0.0179684238775679,-0.0239753006977507,0.226921338549038,-0.18461068058292,0.0562570196933876,-1.80901843977454,3.13207820067213e-05,1.05603652486935e-07,9.91130921154191,-4.95151551602429e-06,0.000311844994107295,0.000311845317055962,0.00434856216342425,4,4,322,366,920.89430375,32232,10.8909581948983,20.1027757001327,TRUE,FALSE
0.01,1356.11160537413,3.46356,5.427e-07,4.3,0.54,0.014862658980916,-0.0181307084840539,0.265007145447685,-0.221594268411118,0.0574574797219207,-1.80721507689367,3.16875401657186e-05,5.98276212814378e-08,9.82296621420846,-3.69192932403515e-06,0.000150749103799596,0.000154647183482583,1.11183905405756,4,4,512,675,2014.804303584,32232,0.506072722102767,9.71789022733716,TRUE,TRUE
0.01,1402.45366428819,3.46356,5.427e-07,4.3,0.54,0.0159180315216913,-0.0241521686515213,0.237173496013432,-0.251027866391481,0.0526838760115548,-1.77762625443921,2.99900246309605e-05,6.32698335315964e-08,8.84221143898428,-3.8358560755817e-06,0.00027425948783454,0.000274259688413775,0.00138745046392913,4,4,438,646,1866.113926541,32232,8.4680461185314,17.6798636237658,TRUE,TRUE
0.01,1448.79572320226,3.46356,5.427e-07,4.3,0.54,0.0155866707761309,-0.023811375160611,0.251244044241284,-0.262934982739213,0.053321396447702,-1.78592805962921,3.02270509179649e-05,4.89683345079764e-08,8.81875581093055,-3.40950302732187e-06,0.000676364615404788,0.000676364615404788,2.64329818477089e-08,4,4,308,508,1469.694114917,32232,34.3893510622199,43.6011685674543,FALSE,FALSE
0.02,916.429261562864,3.46356,5.427e-07,4.3,0.54,0.0192702059803457,-0.018621656060792,0.192373089151593,-0.138245886318772,0.0553774017033104,-1.98673172027562,3.4284422659542e-05,1.20743362846029e-07,11.458110879264,-4.82926301976226e-06,0.000744860874415926,0.00074685752634907,0.0834418229150268,4,4,353,394,1001.674922959,32232,38.8048939031139,48.0167114083483,FALSE,FALSE
0.02,965.703946601257,3.46356,5.427e-07,4.3,0.54,0.0167252722161917,-0.0251298966188381,0.224489682626556,-0.182989522814011,0.0557292990252109,-1.82665263945044,3.15270290779384e-05,1.40458681368007e-07,10.0170160947207,-6.13602351329897e-06,0.000308426368092692,0.000308439587240485,0.0201592818824566,4,4,338,389,980.212830167,32232,10.6705798874929,19.8823973927273,TRUE,FALSE
0.02,1014.97863163965,3.46356,5.427e-07,4.3,0.54,0.0150093445795783,-0.0242059798408285,0.254208855864213,-0.265192360791214,0.0543039647893782,-1.75249699747407,3.03041486540737e-05,6.43289073237186e-08,8.98130883054102,-3.47963781552506e-06,0.000150818562210286,0.000150855539872083,0.0110128990890978,4,4,395,397,1457.9967175,32232,0.510550289089487,9.72236779432388,TRUE,TRUE
0.02,1064.25331667804,3.46356,5.427e-07,4.3,0.54,0.0135464001359917,-0.0238015401853065,0.256179901464415,-0.272652059643243,0.0542627134777362,-1.79897136959981,3.05564540904191e-05,7.20145500926426e-08,8.87100136266241,-3.4191794280798e-06,0.000279886367767469,0.000279886367767469,1.44029100185285e-08,4,4,291,326,1200.951419708,32232,8.83077730652773,18.0425948117621,TRUE,TRUE
0.02,1113.52800171644,3.46356,5.427e-07,4.3,0.54,0.012929938771637,-0.024654249776733,0.26322588695635,-0.270044660359717,0.053736044458082,-1.80618269946851,3.08761423474354e-05,5.45499842434246e-08,9.06105395307905,-3.65844535486799e-06,0.000681367150048562,0.000681387471805176,0.0284355889585127,4,4,304,405,1337.208730584,32232,34.7118344554961,43.9236519607305,FALSE,FALSE
0.03,571.50204432154,3.46356,5.427e-07,4.3,0.54,0.0311035398815093,-0.0233316099492615,0.248609240789027,-0.275786791814948,0.0485793380291565,-1.79133762862223,3.12971542045951e-05,1.18773192084378e-07,9.5058116442906,-6.25433266913277e-06,0.000739068138429765,0.000739118436175313,0.121009753311719,4,4,344,315,883.270091,32232,38.431470970502,47.6432884757364,FALSE,FALSE
0.03,624.266607311867,3.46356,5.427e-07,4.3,0.54,0.0309529253691488,-0.0309059553209856,0.249684427176948,-0.216702681334055,0.0557400267392823,-1.7222808841545,3.04955626301186e-05,1.11226918821267e-07,9.47205791910934,-7.13032931591014e-06,0.00030103915567776,0.000302354574601597,0.271901397070918,4,4,308,303,829.334595834,32232,10.1943706263767,19.4061881316111,TRUE,FALSE
0.03,677.031170302194,3.46356,5.427e-07,4.3,0.54,0.0283269933933738,-0.0261890476148127,0.249204230123267,-0.223722002893747,0.0473903575442289,-1.76046166678455,3.11267651152903e-05,1.02750169365564e-07,9.76525172840809,-5.54903773178827e-06,0.000142898633426942,0.000145525574599911,0.350908346460729,4,4,336,353,1265.859147834,32232,0,9.21181750523439,TRUE,TRUE
0.03,729.795733292521,3.46356,5.427e-07,4.3,0.54,0.0265056870303219,-0.0258929160845288,0.252609365134313,-0.204521365222915,0.0540396203771288,-1.76180528179529,3.07493154626171e-05,9.79400824125564e-08,9.50344618008168,-5.52809604620717e-06,0.000275923958695053,0.000277288168286534,0.0772028507373712,4,4,309,324,1183.805820916,32232,8.57534456808351,17.7871620733179,TRUE,TRUE
0.03,782.560296282848,3.46356,5.427e-07,4.3,0.54,0.0268195062543291,-0.0240487473048379,0.259327388915066,-0.224581268033957,0.0551868633623611,-1.75350130210313,3.03057934800406e-05,5.38472093350949e-08,9.08867030957629,-4.02923591631747e-06,0.000686572800430129,0.000686574148918758,0.00141436535252163,4,4,290,319,1148.864377375,32232,35.0474115016934,44.2592290069278,FALSE,FALSE
0.04,228.796264659764,3.46356,5.427e-07,4.3,0.54,0.022494779487518,-0.0275424656829865,0.221607362275481,-0.211739980024888,0.0544028772516582,-1.91678385568479,3.27104847197658e-05,9.41805305129913e-08,10.3411952854419,-9.18035536873159e-06,0.00072715191446957,0.000730250536440982,0.756735147375289,4,4,525,419,1191.114540958,32232,37.663303509132,46.8751210143664,FALSE,FALSE
0.04,285.486798120583,3.46356,5.427e-07,4.3,0.54,0.0299187573396409,-0.0241999393584035,0.250794739152198,-0.259708119306124,0.0539883800257355,-1.75836836249825,3.04890054617037e-05,1.35625567853085e-07,9.1239054334871,-1.02859838336729e-05,0.000299661013443966,0.000299675762473848,0.00533773064969083,4,4,321,305,836.020754208,32232,10.1055300654174,19.3173475706518,TRUE,FALSE
0.04,342.177331581402,3.46356,5.427e-07,4.3,0.54,0.0249725051068839,-0.0246107584821433,0.252337386076967,-0.251381684013288,0.0545911577590488,-1.75784692545133,3.03689005353091e-05,6.08531527942465e-08,9.07651604184907,-4.4512827112973e-06,0.000148515330470249,0.000148518937165699,0.0018855407222114,4,4,324,310,1215.440198709,32232,0.362074758199743,9.57389226343413,TRUE,TRUE
0.04,398.867865042221,3.46356,5.427e-07,4.3,0.54,0.03866688613256,-0.0251654048490744,0.254816346326487,-0.233957314541865,0.0546062043992933,-1.74780464684259,3.04716414424755e-05,8.4369752300568e-08,9.22885123697483,-5.24748861492212e-06,0.000279498598413127,0.000279498598413127,6.54029087601299e-10,4,4,274,331,1173.694428084,32232,8.80578014286943,18.0175976481038,TRUE,TRUE
0.04,455.55839850304,3.46356,5.427e-07,4.3,0.54,0.0279407077969001,-0.0247531925689739,0.259533585925152,-0.255385426806332,0.0541397037809283,-1.7799577758212,3.03031160251755e-05,8.08548483081393e-08,8.83221597191038,-5.08760834058087e-06,0.000689868774862553,0.00068988352222808,0.00505478822349652,4,4,276,296,1122.139042,32232,35.2598831975052,44.4717007027396,FALSE,FALSE
0.05,-111.575536900251,3.46356,5.427e-07,4.3,0.54,0.0241429938124791,-0.0193199897725365,0.222989546876279,-0.23559711016217,0.0578433857323958,-1.98329780323991,3.33888789305279e-05,2.03414691139699e-07,10.3657141270182,-1.59341004239933e-05,0.000727509365786853,0.000729834314569854,1.31277432277126,4,4,555,303,1103.251564167,32232,37.6863462508493,46.8981637560837,FALSE,FALSE
0.05,-50.6234053203307,3.46356,5.427e-07,4.3,0.54,0.0229794212625963,-0.0234016807926274,0.24867346910526,-0.261076439928387,0.0531610677584228,-1.78506660831482,3.09147533320043e-05,9.60352994911035e-08,9.32385622107829,-7.48782709460539e-06,0.000297570399375803,0.000298234956356683,0.244851145377778,4,4,339,344,904.030360875,32232,9.97076072012737,19.1825782253618,TRUE,FALSE
0.05,10.3287262595891,3.46356,5.427e-07,4.3,0.54,0.0255090085099902,-0.0241846955455974,0.252993813573931,-0.262046607553023,0.0534130498529567,-1.761840201509,3.04040774350942e-05,9.15318410385447e-08,9.03699258420223,-7.21792988022571e-06,0.000149038279545559,0.000149049720539444,0.0143429726821958,4,4,336,286,1197.824670125,32232,0.395786147390526,9.60760365262492,TRUE,TRUE
0.05,71.2808578395089,3.46356,5.427e-07,4.3,0.54,0.027590315842729,-0.0248536776091447,0.258352508277357,-0.262367287476383,0.0514068103101377,-1.76796956945024,3.03237297512729e-05,6.86104255194141e-08,8.91570360425065,-4.59830070737972e-06,0.000283251077261995,0.000283323731384293,0.0385663379183178,4,4,364,318,1285.771189125,32232,9.04767993938286,18.2594974446172,TRUE,TRUE
0.05,132.232989419429,3.46356,5.427e-07,4.3,0.54,0.0279187992734698,-0.0249394560918204,0.26142493649253,-0.264101223349792,0.0514780048247465,-1.75693962936363,3.01066275881999e-05,5.82738073436285e-08,8.78117293090869,-4.36661954274822e-06,0.000692968785637682,0.000693122476604839,0.0986707512763595,4,4,351,274,1202.360937083,32232,35.4597222921131,44.6715397973475,FALSE,FALSE
-0.05,1702.01632302752,3.46356,5.427e-07,4.3,0.54,0.00839527877083553,-0.0139277188449556,0.248197085397865,-0.169199947619059,0.0733492430422349,-2.08810406555812,3.61192175041169e-05,-1.23893020300832e-08,11.6915249706046,-2.52916312754246e-05,0.000457089355577823,0.000470624218491614,0.494785742568843,4,4,718,809,934.624078166,32232,20.2539907127344,29.4658082179688,FALSE,FALSE
-0.05,1822.47046907155,3.46356,5.427e-07,4.3,0.54,0.0145696587438526,-0.0254612849737539,0.260371942325043,-0.267980129797003,0.0536481483213544,-1.7280080430593,2.98418443243583e-05,6.63125655571515e-08,8.74706559097073,-4.14650490581255e-06,0.000413288902349001,0.000413288902349001,3.21475590732864e-08,4,4,312,568,613.020369583,32232,17.4304382957916,26.642255801026,TRUE,FALSE
-0.04,1693.89242706129,3.46356,5.427e-07,4.3,0.54,0.00481442664048225,-0.00954854304300128,0.20115134929944,-0.336820143180426,0.0506595389955804,-2.70787635414943,4.42265037280336e-05,6.11687862993567e-07,14.1231460512361,6.95117758485911e-06,0.000435650187296919,0.000440889263579326,0.0855731549176863,4,4,514,782,895.45587875,32232,18.8719361686742,28.0837536739086,FALSE,FALSE
-0.04,1817.04020402562,3.46356,5.427e-07,4.3,0.54,0.0142297661300448,-0.0309448586583835,0.288158105853655,-0.299688282309012,0.0526947621030109,-1.51576370256014,2.73290127680116e-05,2.82678008294388e-07,7.68058254572899,-2.65902695187476e-05,0.000415774660058949,0.000425299188953396,0.219767435093352,4,4,381,933,912.766377542,32232,17.5906801808057,26.8024976860401,TRUE,FALSE
-0.03,1685.56613885811,3.46356,5.427e-07,4.3,0.54,-0.00657271670927467,-0.000666773549896589,0.246241500444796,-0.175903850837286,0.0767922733962373,-2.82521308629686,4.76225808604527e-05,5.32755579772167e-07,16.2909983752438,3.40738548875043e-06,0.000408565925480203,0.000409439076887364,0.489726959465212,4,4,399,718,709.122464084,32232,17.1259763149214,26.3377938201558,TRUE,FALSE
-0.03,1809.65518789635,3.46356,5.427e-07,4.3,0.54,0.0146016479990398,-0.0254331566304359,0.260168769633799,-0.267798725183365,0.0536648584780835,-1.72669844668126,2.98406862162944e-05,6.67180519925443e-08,8.75438567696571,-4.39707406089759e-06,0.000430335136957916,0.000430335136957916,1.02643156911606e-09,4,4,310,466,543.006538375,32232,18.5293067636207,27.7411242688551,FALSE,FALSE
-0.02,1678.46997147878,3.46356,5.427e-07,4.3,0.54,-0.0157050083756307,0.0119797546751218,0.249215668629922,-0.0517700088701948,0.117124287100952,-3.21773645791329,5.35517487566424e-05,1.21158051367388e-06,18.7451990253983,-2.71096870953879e-05,0.000382721613509076,0.000394290680683951,0.425300084718333,4,4,405,788,820.988474959,32232,15.4599485880147,24.6717660932491,TRUE,FALSE
-0.02,1804.82879862895,3.46356,5.427e-07,4.3,0.54,0.01522243385985,-0.0292357430938718,0.29009497743512,-0.306574346008245,0.0520124187213491,-1.50573668846917,2.72850710909816e-05,-1.22345183207892e-07,7.66486937133996,3.59621629308756e-06,0.000440858396598783,0.000452350601850599,0.350677555736658,4,4,432,734,818.726112625,32232,19.2076781731096,28.4194956783439,FALSE,FALSE
-0.01,1668.98254431027,3.46356,5.427e-07,4.3,0.54,0.018011902320492,-0.019695771078312,0.199549659092347,-0.28552342125498,0.0365570544751113,-2.11311933332026,3.65224614005735e-05,4.79944732392036e-08,11.7728757289622,-3.04671370532845e-06,0.000447278631017953,0.000462604440417326,1.92861628944333,4,4,433,484,606.918633083,32232,19.6215521647069,28.8333696699413,FALSE,FALSE
-0.01,1791.74263054151,3.46356,5.427e-07,4.3,0.54,0.0145895593045585,-0.0251858144914339,0.260213799318485,-0.26287480862163,0.0538422533008065,-1.74021332717375,2.99637791546216e-05,6.61030103838509e-08,8.78058828636308,-4.61861167107476e-06,0.000412614824460559,0.000412626448326805,0.000855053894305389,4,4,353,388,519.228850958,32232,17.3869845387911,26.5988020440255,TRUE,FALSE
0,1645.92065274626,3.46356,5.427e-07,4.3,0.54,0.0151191932672867,-0.0238632621737916,0.25212958167624,-0.22789260927429,0.0572219370923419,-1.82674589641293,3.27045476058096e-05,6.87817816974591e-08,10.2649536718718,-3.14498692558676e-06,0.000395150361673103,0.000402638504649057,1.18245165531719,4,4,435,306,518.681251375,32232,16.2611554096605,25.4729729148949,TRUE,FALSE
0,1761.91661168761,3.46356,5.427e-07,4.3,0.54,0.0148332058078152,-0.0239871413454543,0.253554274893328,-0.255566253868734,0.0541078740126439,-1.7763765849404,3.04595898987224e-05,1.27925197802189e-07,9.04368504843568,-8.00140465355947e-06,0.000395251673326087,0.000395254314203973,0.00173718695619068,4,4,361,547,602.839339459,32232,16.2676863640585,25.4795038692929,TRUE,FALSE
0.01,1297.72627778148,3.46356,5.427e-07,4.3,0.54,0.0167780611449323,-0.0240431341973108,0.237921609062107,-0.197096180916829,0.0579364567890188,-1.80622525977146,3.20742492823815e-05,8.27064979380627e-08,10.164147634891,-3.61258954409378e-06,0.000400084882422186,0.000400090207986906,0.0317042282989495,4,4,362,357,502.475381375,32232,16.5792543552294,25.7910718604638,TRUE,FALSE
0.01,1420.04379506615,3.46356,5.427e-07,4.3,0.54,0.0154772039473936,-0.0234651105342508,0.248278309896414,-0.260136461215681,0.0529116186989344,-1.76170403879475,2.98821944110261e-05,6.03043690127596e-08,8.7298455244169,-3.64242575134797e-06,0.000393536228701181,0.000393537301804583,0.00170946517561232,4,4,298,572,578.882065,32232,16.1571019417585,25.3689194469929,TRUE,FALSE
0.02,952.329386598875,3.46356,5.427e-07,4.3,0.54,0.0158093507353066,-0.024385778439249,0.242951096383644,-0.237449381515169,0.0549057628196076,-1.75985941465246,3.07562669850906e-05,9.14557821437637e-08,9.37618456763986,-6.14527554559853e-06,0.000398148558862414,0.000398149897410316,0.00254559028550826,4,4,323,372,486.552095417,32232,16.4544311932723,25.6662486985067,TRUE,FALSE
0.02,1082.2950744374,3.46356,5.427e-07,4.3,0.54,0.0157909588079912,-0.0239775770381698,0.236652926813525,-0.264071473290641,0.051729092547603,-1.76861461564185,2.9608180781861e-05,6.35875599985731e-08,8.56907154475338,-4.46236902753767e-06,0.000394317776110682,0.000394319579511529,0.00208394060262437,4,4,376,471,563.231028417,32232,16.2074836139646,25.419301119199,TRUE,FALSE
0.03,609.107070877553,3.46356,5.427e-07,4.3,0.54,0.0256438817703537,-0.0265060365336383,0.245063077820095,-0.219153738914903,0.0552917516289158,-1.76021933133206,3.08700258309562e-05,9.52966499509344e-08,9.59332269744218,-5.66216814977741e-06,0.000394624704064772,0.000394817366200383,0.11655852669141,4,4,343,355,489.382316208,32232,16.2272694175971,25.4390869228315,TRUE,FALSE
0.03,749.19310619845,3.46356,5.427e-07,4.3,0.54,0.0235861457897718,-0.0266802055432425,0.254265346760929,-0.233448692245287,0.0471932130297519,-1.7476309699536,3.10106128465093e-05,9.5384175668639e-08,9.58520730205843,-4.71970568356169e-06,0.000395423664046055,0.000396123441645073,0.385615695543504,4,4,334,379,496.935106708,32232,16.2787735738305,25.4905910790649,TRUE,FALSE
0.04,268.615048159925,3.46356,5.427e-07,4.3,0.54,0.0283947288731998,-0.0242073567448091,0.236810897935996,-0.25119179843799,0.0520403127571775,-1.83784135207302,3.15892106836095e-05,1.06723057146319e-07,9.65919847032193,-6.10141757939815e-06,0.00039923902240903,0.000399438626212931,0.456973600164784,4,4,417,366,548.739064541,32232,16.5247268353413,25.7365443405757,TRUE,FALSE
0.04,419.228841877357,3.46356,5.427e-07,4.3,0.54,0.0255831018739098,0.0644437141603695,0.256950798047712,-0.237930497398854,0.0543710932261581,-1.7475436942175,3.00999005081962e-05,2.48461305476378e-07,8.95999749052336,7.87745717118314e-06,0.000396859188803205,0.000397016119735397,0.104907657014474,4,4,574,357,623.262783084,32232,16.3713132417754,25.5831307470098,TRUE,FALSE
0.05,-68.9565512079938,3.46356,5.427e-07,4.3,0.54,0.0246358834013783,-0.0237499083318655,0.250104052071931,-0.260282143132537,0.0539387225647453,-1.76362361072468,3.06019259698513e-05,1.01524298569662e-07,9.17937261630196,-6.82359459265687e-06,0.000397564578905395,0.0003985164626443,0.0950994811889108,4,4,295,313,419.818166584,32232,16.416785509323,25.6286030145574,TRUE,FALSE
0.05,92.6490506723976,3.46356,5.427e-07,4.3,0.54,0.0261259110284532,-0.0247622082614788,0.257852885350117,-0.263391611264481,0.0511500016736285,-1.77318166394575,3.03453070051422e-05,6.50953594864441e-08,8.90723943331497,-4.51488492821352e-06,0.000394940404379996,0.000395119127849745,0.0011557007375644,4,4,313,270,407.231363208,32232,16.2476207227177,25.4594382279521,TRUE,FALSE
0.005,1437.64833376128,3.46356,5.427e-07,4.3,0.54,0.0173503963042512,-0.0225934987605167,0.234401095649622,-0.214026783448267,0.0529449800295464,-1.82301255009872,3.24670482216361e-05,1.28239698672545e-07,10.2991667537718,-6.35893742740665e-06,0.000758688370800159,0.000761720355126037,0.976051273933871,4,4,377,487,1110.4619245,32232,39.6962696300271,48.9080871352615,FALSE,FALSE
0.005,1482.77535453642,3.46356,5.427e-07,4.3,0.54,0.0149422727917143,-0.0240155320572038,0.251655040332646,-0.261347025581275,0.0538467734535958,-1.7593636516042,3.04695018904912e-05,4.15046131806838e-08,9.08453446682407,-3.50236623796934e-06,0.000319259150383633,0.000319259163141131,0.000454767597272231,4,4,313,332,858.730379042,32232,11.3689043650961,20.5807218703305,TRUE,FALSE
0.005,1527.90237531156,3.46356,5.427e-07,4.3,0.54,0.0149407496804176,-0.0240132830511236,0.251638721646579,-0.261341611824571,0.0538583654330186,-1.75932662052063,3.0470472179472e-05,4.25718348300157e-08,9.08474852193919,-3.57517819533985e-06,0.000155072845699385,0.000155072845699385,5.50066407815639e-08,4,4,313,322,1211.015558833,32232,0.784798419930765,9.99661592516516,TRUE,TRUE
0.005,1573.02939608669,3.46356,5.427e-07,4.3,0.54,0.0148227209120591,-0.0239939540271275,0.253411423705871,-0.256055637637837,0.054047625216465,-1.77703891446873,3.04816710785249e-05,8.32455045998062e-08,9.04249008549939,-4.45240873309494e-06,0.000273248194196296,0.00027325065774129,0.00112133770604194,4,4,355,423,1421.607398,32232,8.40285408543564,17.61467159067,TRUE,TRUE
0.005,1618.15641686183,3.46356,5.427e-07,4.3,0.54,0.0144745633221699,-0.0254888681428412,0.261010349361623,-0.265989053681136,0.0537334317828215,-1.74297103780423,2.98604943855981e-05,7.3451290910885e-08,8.6895465737125,-3.84930749913669e-06,0.000674250372907062,0.000674253687621327,0.0014479532341795,4,4,351,499,1528.050606917,32232,34.2530585338465,43.4648760390808,FALSE,FALSE
-0.06,1704.66394210304,3.46356,5.427e-07,4.3,0.54,0.00997572674637576,-0.0186239200307736,0.1914148697618,-0.459743719187973,0.025771872678504,-2.3874659989554,3.94304122419087e-05,3.58186407919976e-08,11.8504920647175,-4.4038974060078e-06,0.000528715686339884,0.000528818021967254,0.00371103058516112,4,4,413,736,1540.252599125,32232,24.8713104989799,34.0831280042143,FALSE,FALSE
-0.06,1744.41648205226,3.46356,5.427e-07,4.3,0.54,0.0125053742990321,-0.0212955758882984,0.232056753097299,-0.324425126278345,0.0458202205282287,-1.98899355569309,3.41361046690395e-05,2.56133359050977e-07,10.2815100802169,-2.55286043498141e-05,0.000222974582131298,0.000223330969148566,1.27649446174569e-05,4,4,272,862,1530.468905583,32232,5.1620159572776,14.373833462512,TRUE,TRUE
-0.06,1784.16902200148,3.46356,5.427e-07,4.3,0.54,0.0150396126551579,-0.024128039162697,0.253036627612733,-0.25816127831036,0.0542067813319087,-1.74931372045163,3.03137424587822e-05,4.46531836425546e-08,9.03664764583868,-3.64468330944767e-06,0.000161765349554238,0.000161765349554238,3.46148710407396e-10,4,4,320,346,1386.212637417,32232,1.21622398843001,10.4280414936644,TRUE,TRUE
-0.06,1823.92156195071,3.46356,5.427e-07,4.3,0.54,0.0146592674041138,-0.0254345017854782,0.259782921939325,-0.268578698110976,0.0536380007965415,-1.7217552081134,2.98198087348729e-05,6.65544183514539e-08,8.76400219002321,-4.1615110576376e-06,0.000361149481459613,0.000361149481459613,5.15925723654679e-10,4,4,284,522,1623.475672334,32232,14.0693226675781,23.2811401728125,TRUE,FALSE
-0.06,1863.67410189993,3.46356,5.427e-07,4.3,0.54,0.0212458663763573,-0.0289899231700294,0.306152176739021,-0.279867872671367,0.0504262362502703,-1.28329832951352,2.45391706113845e-05,6.40453098181997e-08,6.87206068042825,-6.56722846886055e-06,0.000777162523650294,0.000818542430808024,0.907103288221777,4,4,929,496,2554.36219175,32232,40.8871874193582,50.0990049245925,FALSE,FALSE
-0.07,1713.38320372481,3.46356,5.427e-07,4.3,0.54,0.0142409135543483,-0.0264254845945787,0.195489619315219,-0.171665032413445,0.0454263527396509,-2.05870619066471,3.54508266541017e-05,1.21057895950615e-07,11.9045542818937,-5.41337923387977e-06,0.000536935819478626,0.000538346668540402,0.161813248871167,4,4,346,410,1024.701432292,32232,25.4012131616358,34.6130306668701,FALSE,FALSE
-0.07,1752.68722226562,3.46356,5.427e-07,4.3,0.54,0.0100193625136385,-0.0206282399941209,0.195928058123242,-0.140172842363407,0.0525516824955397,-2.09619890737318,3.56161929429871e-05,1.6850253515518e-07,12.0434888618452,-8.00946797995753e-06,0.000210869056617092,0.000210970588479628,0.00347257450592895,4,4,329,621,1246.634070542,32232,4.38164536052983,13.5934628657642,TRUE,TRUE
-0.07,1791.99124080644,3.46356,5.427e-07,4.3,0.54,0.0170129883849063,-0.0243743544407447,0.244434589214074,-0.258420518431182,0.0526553656167564,-1.70282425654673,2.92756957537804e-05,3.20244262762211e-08,8.62459692203117,-3.49367298839432e-06,0.000160343159455766,0.000160356136044371,0.00180245040973944,4,4,365,536,1670.631970542,32232,1.12454392592211,10.3363614311565,TRUE,TRUE
-0.07,1831.29525934725,3.46356,5.427e-07,4.3,0.54,0.030651391359204,-0.0320296462013634,0.207655112508837,-0.243806363676087,0.0417003222293823,-0.98925531972376,1.74193635249439e-05,4.71589413274752e-08,4.12294638701134,-7.71238181535692e-06,0.000273789842438996,0.000281114988391077,0.0424588713662982,4,4,525,629,2104.462557583,32232,8.43777089775305,17.6495884029874,TRUE,TRUE
-0.07,1870.59927788806,3.46356,5.427e-07,4.3,0.54,0.0131093974100651,-0.0313833896026796,0.0565784379323929,-0.0950641263743139,0.0309044392515612,-0.524408255994769,7.55187468309181e-06,2.05747480881757e-07,1.13685628887393,-1.31435898538589e-05,0.000423968806949274,0.000424348926051015,0.00699097272328593,4,4,389,507,1728.084734917,32232,18.1189076659436,27.330725171178,TRUE,FALSE
0.005,1471.72253334536,3.46356,5.427e-07,4.3,0.54,0.0149401262989576,-0.0240124349620528,0.251633918064792,-0.261339700381921,0.05385831520302,-1.75944434105163,3.04708748407887e-05,4.27954075443299e-08,9.0848977003403,-3.44834396328732e-06,0.000402867435136077,0.000402867435136077,1.29683053164636e-09,4,4,300,300,416.67371025,32232,16.7586288333777,25.9704463386121,TRUE,FALSE
0.005,1590.31925221024,3.46356,5.427e-07,4.3,0.54,0.0146718672728012,-0.0245708103742448,0.256387512849973,-0.259779029663326,0.053925499676356,-1.76459726040713,3.02423407223655e-05,1.31636163937593e-07,8.91219104685988,-1.0695084157047e-05,0.000393481407063085,0.00039348174241823,4.176492029502e-06,4,4,345,412,495.24061975,32232,16.1535679196803,25.3653854249147,TRUE,FALSE
-0.06,1717.90371088742,3.46356,5.427e-07,4.3,0.54,-0.00895778159483027,0.0012804703445679,0.313368805959045,-0.191385273975204,0.0638360988204847,-2.79906377475484,5.09204017177478e-05,-6.34607346045172e-07,18.0119665373332,-3.91590141208037e-06,0.000344477786585958,0.000346555445356016,0.0940851588390633,4,4,269,1017,827.297054667,32232,12.9945985292428,22.2064160344772,TRUE,FALSE
-0.06,1830.203193681,3.46356,5.427e-07,4.3,0.54,0.0147999247963753,-0.0219277564714576,0.229429252024914,-0.421735734740553,0.0387210158385941,-1.33666678553939,2.15180053285595e-05,1.95449901226781e-07,4.66318845253372,-8.23909375788658e-06,0.000328952576270451,0.000418880759574085,4.1489626487794,4,4,608,439,718.934902542,32232,11.993781371464,21.2055988766984,TRUE,FALSE
-0.07,1726.64844269781,3.46356,5.427e-07,4.3,0.54,0.0168447500879013,-0.0295485416194402,0.215627461585398,-0.0922980445558011,0.052601566935569,-1.95664746566472,3.54808697858574e-05,1.00394375629289e-07,12.475001316174,-5.16929668382197e-06,0.000387689348536448,0.000398838512692749,1.14206339323866,4,4,513,408,311.041950459,32232,15.7801886588192,24.9920061640536,TRUE,FALSE
-0.07,1741.9195529177,3.46356,5.427e-07,4.3,0.54,0.014292983843536,-0.0263157735637452,0.197274696226135,-0.0803249189643038,0.0560170840176895,-1.98862168123708,3.4767549328933e-05,8.99570785205014e-08,12.0844767076862,-6.30093245630369e-06,0.000273590004767994,0.000273769581158502,0.00250848496237845,4,4,308,442,510.123426208,32232,8.42488856212957,17.636706067364,TRUE,TRUE
-0.07,1833.96441007441,3.46356,5.427e-07,4.3,0.54,0.0123144335575683,-0.0299990024027962,0.0952752498581333,-0.214151697472471,0.0329032608220746,-0.822100788508381,1.20894848646238e-05,1.59811145308593e-07,2.12816661882963,-9.01428615690847e-06,0.000245463574632423,0.000246451872173297,0.0328967020385257,4,4,430,603,680.997736625,32232,6.61174636987013,15.8235638751045,TRUE,TRUE
-0.06,1731.10284605784,3.46356,5.427e-07,4.3,0.54,0.0156587785444982,-0.0209674789967236,0.181532158228391,-0.325582949975832,0.0372496071561065,-2.18460492639089,3.63516732806492e-05,1.23350151284953e-07,11.2769423296336,-7.50193435639945e-06,0.000296102295525246,0.000309793354987493,1.40281792831831,4,4,444,726,734.960814209,32232,9.87612087350507,19.0879383787395,TRUE,FALSE
-0.06,1808.53747456801,3.46356,5.427e-07,4.3,0.54,0.0146518752176617,-0.0253617623709728,0.259933339853447,-0.266700043371056,0.0537088220740211,-1.72683733877057,2.98540311366953e-05,7.71660218872171e-08,8.76802821067491,-4.40976195932775e-06,0.000251095822895914,0.000251171016728013,0.0020060556825802,4,4,349,444,549.6339865,32232,6.97482362192781,16.1866411271622,TRUE,TRUE
-0.05,1726.82968249373,3.46356,5.427e-07,4.3,0.54,-0.00971073574305215,0.0034646705305405,0.289547184178404,-0.226243835099308,0.0694512656517159,-3.03538233368256,5.21933957734507e-05,3.45984717569903e-07,17.9826973963136,-8.96971513511328e-05,0.000226544628728655,0.000226545162761322,0.00308552357272026,4,4,301,837,713.608657792,32232,5.39215544112963,14.603972946364,TRUE,TRUE
-0.05,1801.06535024475,3.46356,5.427e-07,4.3,0.54,0.014695148431728,-0.0253031936251186,0.25977997340235,-0.265684752248868,0.0537508149687106,-1.72695013451774,2.98597382100208e-05,7.55224320363963e-08,8.77859776139122,-5.50715135583418e-06,0.00025123557989433,0.000251266270268414,0.00061207005505198,4,4,356,435,547.348050792,32232,6.9838329170737,16.1956504223081,TRUE,TRUE
-0.04,1718.60868476472,3.46356,5.427e-07,4.3,0.54,-0.0410643800953769,0.0175218264525577,0.354268289973979,-0.0804981837642246,0.0927446689180894,-3.10661675659298,5.64572133750349e-05,4.87298096298036e-07,20.6357983285449,-2.65176666536448e-05,0.000221455584213699,0.000226956868586607,0.38665209078987,4,4,319,792,693.699930708,32232,5.0640952755175,14.2759127807519,TRUE,TRUE
-0.04,1793.58184097988,3.46356,5.427e-07,4.3,0.54,0.0147128226775715,-0.0252782612061719,0.259724602537917,-0.265239611068222,0.0537692815644663,-1.72695606044583,2.98628592606815e-05,7.57721727276914e-08,8.78308673029298,-4.74499873819487e-06,0.00025144435091177,0.000251462694740086,0.00105314948252386,4,4,390,379,531.354480875,32232,6.99729113194195,16.2091086371763,TRUE,TRUE
-0.03,1707.43686032914,3.46356,5.427e-07,4.3,0.54,0.0083404132028408,0.0803555278331196,0.480018190944272,-0.226282277701824,0.0598665833603783,-2.68302024509536,5.83211354545827e-05,1.09929073157579e-06,21.7458925398761,-2.19447186715909e-05,0.000237183848272241,0.000297839257511554,11.7040122584215,4,4,796,453,751.514898208,32232,6.07800208978735,15.2898195950217,TRUE,TRUE
-0.03,1786.00505227913,3.46356,5.427e-07,4.3,0.54,0.0147125964821073,-0.0252791777404032,0.25973745874201,-0.26523857124463,0.0537635356942053,-1.72699619217333,2.98630704431973e-05,7.15434438956514e-08,8.78303646269944,-4.32562170606644e-06,0.000251613246650982,0.00025163735218864,0.00114177222585199,4,4,350,354,487.404375583,32232,7.00817882687451,16.2199963321089,TRUE,TRUE
-0.02,1697.81647533401,3.46356,5.427e-07,4.3,0.54,0.00666827853161034,-0.0123454056108009,0.184687576979048,-0.266659288900365,0.0508846532504169,-2.45404954588884,4.04584211344044e-05,3.030150462062e-07,13.1026942507078,-1.1096321923263e-05,0.00028057718025924,0.000301348070360485,2.79628753700646,4,4,535,880,956.478741208,32232,8.87530984299726,18.0871273482316,TRUE,TRUE
-0.02,1793.24599622656,3.46356,5.427e-07,4.3,0.54,0.017700002118337,-0.0260915740092564,0.228078053781138,-0.372030911781936,0.0425911930527872,-1.3937172497756,2.30627119957238e-05,9.77315099394687e-08,5.53588177717157,-7.09312424530063e-06,0.000294595533809813,0.00035385583398739,3.27360560082584,4,4,844,446,903.451428791,32232,9.7789889862814,18.9908064915158,TRUE,FALSE
-0.01,1690.98139458166,3.46356,5.427e-07,4.3,0.54,0.0100356913367305,-0.0117121820655752,0.23172750427663,-0.236136531389319,0.0527663606997738,-2.38857105372561,4.03757382756935e-05,-1.44133348142023e-07,13.3096050896242,1.4175665959355e-05,0.000260182449850569,0.000277416892312535,2.27730713882916,4,4,525,809,815.371707333,32232,7.56058394193269,16.7724014471671,TRUE,TRUE
-0.01,1772.03436158528,3.46356,5.427e-07,4.3,0.54,0.0148594573812165,-0.0250730918175775,0.259036656880819,-0.262192384955415,0.053905038609392,-1.72633793297582,2.98910778854178e-05,5.26019522133553e-08,8.82339075098042,-4.0784796888312e-06,0.000267071745891426,0.000267073613382313,0.000285041097857589,4,4,373,426,553.204401917,32232,8.0046955219105,17.2165130271449,TRUE,TRUE
0,1666.29527696382,3.46356,5.427e-07,4.3,0.54,0.0149409087425908,-0.0240135582841091,0.251644500442294,-0.261334436809247,0.0538568867598536,-1.75933151958766,3.04704327195936e-05,6.89302799817538e-08,9.08468513735436,-5.88317430158918e-06,0.000259261824592259,0.000259261921347396,6.01181922343839e-05,4,4,325,324,448.988952583,32232,7.501236755281,16.7130542605154,TRUE,TRUE
0,1746.7071066937,3.46356,5.427e-07,4.3,0.54,0.0149260136899542,-0.0241939508035492,0.255389632586917,-0.254296370051773,0.0540680297998493,-1.76130464053457,3.03157571797842e-05,1.13936399997721e-07,9.00379515341779,-5.53015170370714e-06,0.000284487406285951,0.000284488010705143,0.00121767857399503,4,4,387,433,534.225578667,32232,9.12737865358316,18.3391961588175,TRUE,FALSE
0.005,1492.46956747986,3.46356,5.427e-07,4.3,0.54,0.0149401262989576,-0.0240124349620528,0.251633918064792,-0.261339700381921,0.05385831520302,-1.75944434105163,3.04708748407887e-05,4.27954075443299e-08,9.0848977003403,-3.44834396328732e-06,0.000259984437946297,0.000259984437946297,1.29683053164636e-09,4,4,339,339,469.402021583,32232,7.5478193025357,16.7596368077701,TRUE,TRUE
0.005,1574.57388821725,3.46356,5.427e-07,4.3,0.54,0.0148190373289672,-0.0242428618621623,0.255132416346654,-0.256419435266177,0.0539856334875999,-1.76602372338211,3.03441237676877e-05,9.71933310582577e-08,8.99890644755646,-6.36231529741291e-06,0.000282289664848552,0.000282322746750428,0.0607613583196375,4,4,386,388,517.286404125,32232,8.98570344956267,18.1975209547971,TRUE,TRUE
0.01,1317.78294054543,3.46356,5.427e-07,4.3,0.54,0.0181221050357757,-0.024177696424661,0.225644123555332,-0.177645968743392,0.0565358751223257,-1.81249880824287,3.15122426892446e-05,1.04777421046034e-07,10.0291858984944,-4.85822692860335e-06,0.000263721856518476,0.000263737339422087,0.0281219976127166,4,4,307,356,459.093295,32232,7.78874825337265,17.000565758607,TRUE,TRUE
0.01,1403.88844126072,3.46356,5.427e-07,4.3,0.54,0.020901540524627,-0.0261173775123608,0.196803815407892,-0.190524407807753,0.0498442331294418,-1.60238962717401,2.65853034476004e-05,-6.22745755160255e-08,7.84521979600425,-4.26516978001096e-06,0.000281140086343368,0.000281166825452085,0.0214489262294985,4,4,387,748,696.202479208,32232,8.91159702080448,18.1234145260389,TRUE,TRUE
0.02,973.344213248314,3.46356,5.427e-07,4.3,0.54,0.0165218180391368,-0.0255770313739065,0.231509684099089,-0.199531490647671,0.0536596556043337,-1.80888465692007,3.12129379412685e-05,7.0835216469169e-08,9.81097328999473,-4.23799299910191e-06,0.000265513865965108,0.000265552973247186,0.127005043515817,4,4,374,361,504.983668583,32232,7.90426835034033,17.1160858555747,TRUE,TRUE
0.02,1064.90008512803,3.46356,5.427e-07,4.3,0.54,0.0141243183620325,-0.0244918619914356,0.256342639579026,-0.263611838266219,0.0542780735174949,-1.79277975901431,3.05366276481901e-05,8.29346032399994e-08,8.9635965405667,-4.49090681704599e-06,0.000280420140235617,0.000280420407047718,9.44853219246819e-05,4,4,335,385,497.994964167,32232,8.86518641491442,18.0770039201488,TRUE,TRUE
-0.08,1722.03604921081,3.46356,5.427e-07,4.3,0.54,0.0179831094324689,-0.0339858725137391,0.203682372337286,0.0223974987734244,0.0309482894234807,-2.05682824186467,4.23680669966257e-05,1.23020016833037e-07,17.595115502112,-3.2707503076542e-06,0.000518242627293102,0.000537177206742839,5.86702487993979,4,4,646,442,1390.095324,32232
-0.08,1760.90147968684,3.46356,5.427e-07,4.3,0.54,0.0136203931064071,-0.0252926261388142,0.196727505792559,-0.13412255873777,0.0514804024818692,-2.04119722779833,3.50183815672079e-05,7.14223473512389e-08,11.8696829044089,-3.31571281692769e-06,0.000212063481363688,0.000212067548957412,0.00176529826732965,4,4,303,533,1107.257149083,32232
-0.08,1799.76691016287,3.46356,5.427e-07,4.3,0.54,0.0156247329573545,-0.0246615968808521,0.246483197397995,-0.255663994611317,0.0527321466493306,-1.68272362692734,2.90655288907442e-05,5.5421153055578e-08,8.56513295703849,-4.84892861585322e-06,0.000160365443446257,0.000160428679732203,0.0614141563067666,4,4,368,535,1687.138319084,32232
-0.08,1838.63234063889,3.46356,5.427e-07,4.3,0.54,0.0245204918128855,-0.0446962186997478,0.237882124167263,-0.357402704943867,0.00280014699924003,-0.798517814203636,1.65720735308035e-05,1.43228659617308e-07,4.27878144429051,-9.04556395451319e-06,0.000204676516660965,0.000271243786391364,0.475154751028607,4,4,404,553,1820.670412583,32232
-0.08,1877.49777111492,3.46356,5.427e-07,4.3,0.54,0.0133044326560637,-0.0303591026424142,0.0565881313876046,-0.0948775567232436,0.0308844778782743,-0.524969585248501,7.52749364338065e-06,1.34384232633344e-07,1.11847663782351,-1.31751345732604e-05,0.000420167122355052,0.000420347018927148,0.00157429415633665,4,4,369,538,1756.6648335,32232
