Delta,R,eig_rank,eigenvalue,kept,d2,d2_sq_over_eig,Lhat,condition_number_kept,n_kept,n,load_row1,load_row2,load_row3,load_row4,load_row5,load_row6,load_row7,load_row8,load_row9,load_row10
-0.04,1.0440934939005,0,0.00737632164970994,0,-0.0409887661805325,0,0.000302605560299699,18412675.2467409,4,32232,-0.0122685046675627,-0.968991911871866,0.00136428212533846,-0.00113107053197465,-0.000297999351055022,0.118185035294473,1.04579783804402e-06,0.0279253270281906,0.214833429730213,-1.19298545774611e-05
-0.04,1.0440934939005,1,0.0204096812903228,0,0.0140640393430475,0,0.000302605560299699,18412675.2467409,4,32232,-0.0134083418696147,0.22124615747969,0.00176241771456895,-0.00234035032842548,-0.000787623559659822,0.0337691640020035,9.55468949769055e-07,0.0359786998012665,0.973871822767563,1.93284799634388e-06
-0.04,1.0440934939005,2,0.337590371006574,0,0.115135277817563,0,0.000302605560299699,18412675.2467409,4,32232,0.347132553028417,0.0086381090427936,-0.0430934177145964,-0.00369186019970053,0.00439981228179176,0.270750820163364,-3.17420695943211e-06,-0.896392681427556,0.0266175803935271,3.65768353455179e-05
-0.04,1.0440934939005,3,0.758286317034502,0,0.0825057004075463,0,0.000302605560299699,18412675.2467409,4,32232,0.931605721841599,-0.0116549079606808,-0.0965705224863689,0.00542855113634508,0.00348684495018473,-0.0890264892621247,2.60879497974374e-06,0.338589363764394,0.00624300364444518,-3.06260992135786e-05
-0.04,1.0440934939005,4,13.3107813206033,0,-0.355684862547738,0,0.000302605560299699,18412675.2467409,4,32232,0.0106134096941693,-0.108246478097793,0.00165433121002654,-0.114439725517286,-0.0263976533770393,-0.944191229606983,5.47144279005412e-06,-0.279854043672705,0.0675173267190051,0.000280282217450376
-0.04,1.0440934939005,5,89.2656405737098,0,-8.0952750676001,0,0.000302605560299699,18412675.2467409,4,32232,0.00172209635210439,0.0132782036147986,-0.016369581170729,-0.977241125241253,-0.17590161702346,0.109917335782409,6.57301979587067e-07,0.0376268130684498,-0.0106554288337189,-0.000169822560362499
-0.04,1.0440934939005,6,485.254964668449,1,-0.372063950683235,0.000142637987735581,0.000302605560299699,18412675.2467409,4,32232,0.0955214753035364,0.000809801668443818,0.882012845508746,0.0682911107761798,-0.456247884788394,0.00854060893976853,6.3713028353006e-06,-0.00536700081157675,-0.000767753103878375,-0.000433549922838143
-0.04,1.0440934939005,7,13954.0403221648,1,-0.553958619509298,1.09957454989295e-05,0.000302605560299699,18412675.2467409,4,32232,-0.0451608015283626,0.000303030480374345,-0.458905328625852,0.164893095288083,-0.8718755961605,0.0028815373649342,-1.2739424366944e-05,0.000478992363879862,-0.000286626553601544,0.000952089484619294
-0.04,1.0440934939005,8,99319.6394954016,1,1.03604653048899,5.40372689022888e-06,0.000302605560299699,18412675.2467409,4,32232,9.74470929912824e-05,1.99937061304956e-05,0.00081472497102356,-0.00026098067258047,0.00060978289410215,0.000272968293353151,-0.0019957749726154,0.000125469877100855,-2.08922868317713e-05,0.999997406283056
-0.04,1.0440934939005,9,8934842076.30885,1,1601.723011172,0.000143568100174959,0.000302605560299699,18412675.2467409,4,32232,-2.35149981184053e-06,1.48194367872747e-06,-9.72602958477508e-06,2.39071707035665e-06,-6.71733633334894e-06,6.55673803562214e-06,0.999998008313075,-1.99505114499727e-06,-1.48984612806585e-06,0.00199578744717932
