"ins","sic_3","beta_paper","beta_gross","beta_net","alpha_K_paper","alpha_K_gross","alpha_K_net","alpha_L_paper","alpha_L_gross","alpha_L_net","conv_paper","conv_gross","conv_net","n_paper","n_gross","n_net","d_K_rows","d_K_net","d_L_rows","d_L_net","d_b_rows","d_b_net"
"lag_k","311",0.599119801139228,0.599119801139228,0.591827362116414,0.197169477590919,0.1975024851249,0.20127647213439,0.214514980099654,0.213756413602181,0.215891279619764,0,0,0,5992,5987,5987,0.000333007533980967,0.00377398700948972,-0.000758566497473079,0.00213486601758228,0,-0.0072924390228144
"lag_l","311",0.599119801139228,0.599119801139228,0.591827362116414,0.248271629265413,0.191809482141963,0.251575313432363,0.0888348477709951,0.222246683228046,0.0909313132366111,52,0,0,5992,5987,5987,-0.0564621471234496,0.0597658312904004,0.133411835457051,-0.131315369991435,0,-0.0072924390228144
"lag_m","311",0.599119801139228,0.599119801139228,0.591827362116414,0.238642390952564,0.238716214366405,0.242603926116099,0.176082489848857,0.175562912849291,0.178225848808049,0,0,0,5992,5987,5987,7.3823413841656e-05,0.00388771174969368,-0.000519576999565757,0.00266293595875788,0,-0.0072924390228144
"lag_2_cal_W","311",0.599119801139228,0.599119801139228,0.591827362116414,0.274911094285556,0.275587918172812,0.27909122933907,0.134076027138065,0.133200288656313,0.137446618052925,0,0,0,5992,5987,5987,0.000676823887256262,0.00350331116625813,-0.000875738481751459,0.00424632939661199,0,-0.0072924390228144
"lag_k","352",0.412758928471594,0.415923269846302,0.40678804652219,0.171436116130383,0.169687868439589,0.17229826534253,0.488439332098083,0.486965165289983,0.494174683608657,0,0,0,2238,2231,2231,-0.00174824769079307,0.00261039690294085,-0.00147416680810014,0.00720951831867439,0.00316434137470789,-0.00913522332411187
"lag_l","352",0.412758928471594,0.415923269846302,0.40678804652219,0.166128594658006,0.164226276847327,0.166385178398806,0.49701125912075,0.495780492724949,0.503469173368543,52,0,0,2238,2231,2231,-0.00190231781067882,0.00215890155147863,-0.00123076639580033,0.00768868064359385,0.00316434137470789,-0.00913522332411187
"lag_m","352",0.412758928471594,0.415923269846302,0.40678804652219,1,0.410782726831294,0.418385961887076,0.255716899159604,0.199811441204988,0.202586915689472,0,0,0,2238,2231,2231,-0.589217273168706,0.00760323505578225,-0.0559054579546157,0.00277547448448437,0.00316434137470789,-0.00913522332411187
"lag_2_cal_W","352",0.412758928471594,0.415923269846302,0.40678804652219,0.443460535862199,0.440261201561872,0.605021433660368,0.172250904068993,0.172279777153351,0.18796329157099,0,0,0,2238,2231,2231,-0.00319933430032754,0.164760232098497,2.88730843575336e-05,0.0156835144176391,0.00316434137470789,-0.00913522332411187
"lag_k","312",0.581859852237326,0.586199013436362,0.57445392787883,0,0.128770892409728,0.133041178823258,0.240572323845713,0.383633716723389,0.391734671533803,0,0,0,1210,1209,1209,0.128770892409728,0.00427028641353039,0.143061392877676,0.00810095481041423,0.00433916119903566,-0.0117450855575315
"lag_l","312",0.581859852237326,0.586199013436362,0.57445392787883,0.127004721601286,0.125584140906165,0.130031448385948,0.391583403624708,0.38779600566797,0.395402325371605,0,52,0,1210,1209,1209,-0.00142058069512049,0.00444730747978209,-0.00378739795673783,0.00760631970363512,0.00433916119903566,-0.0117450855575315
"lag_m","312",0.581859852237326,0.586199013436362,0.57445392787883,0.220726990831579,0.218054713621819,0.232635963921235,0.312118795726528,0.309808557948525,0.316283956517647,0,0,0,1210,1209,1209,-0.00267227720976021,0.0145812502994159,-0.00231023777800266,0.0064753985691216,0.00433916119903566,-0.0117450855575315
"lag_2_cal_W","312",0.581859852237326,0.586199013436362,0.57445392787883,0.243984612142726,0.241556171134126,0.248980896847196,0.244492983498829,0.241439463506029,0.25085734415494,0,0,0,1210,1209,1209,-0.00242844100860051,0.00742472571307015,-0.00305351999279949,0.009417880648911,0.00433916119903566,-0.0117450855575315
"lag_k","313",0.289379008983077,0.289379008983077,0.286812793057781,0.0155303820581008,0.0144790892086762,0.00888362073403671,0.027593774924048,0.0280318652205329,0.0196679466475154,0,0,0,1117,1116,1116,-0.00105129284942454,-0.00559546847463952,0.000438090296484908,-0.00836391857301747,0,-0.00256621592529677
"lag_l","313",0.289379008983077,0.289379008983077,0.286812793057781,1,1,1,0.153083426773353,0.15334808052214,0.151660184799318,0,0,0,1117,1116,1116,0,0,0.000264653748786814,-0.00168789572282241,0,-0.00256621592529677
"lag_m","313",0.289379008983077,0.289379008983077,0.286812793057781,0.448869838343115,0.447729229696505,0.46814844132808,0.119692816724491,0.121353942812324,0.121272381442577,0,0,0,1117,1116,1116,-0.00114060864660925,0.0204192116315745,0.00166112608783323,-8.15613697469769e-05,0,-0.00256621592529677
"lag_2_cal_W","313",0.289379008983077,0.289379008983077,0.286812793057781,0.418287060467744,0.417366810540035,0.429576433829014,0.193745062043793,0.193253191861922,0.190012889585206,0,0,0,1117,1116,1116,-0.00092024992770956,0.0122096232889799,-0.000491870181871162,-0.00324030227671626,0,-0.00256621592529677
"lag_k","381",0.408638419128552,0.409061775542195,0.399911823805787,0.0605829549229802,0.0595696078671045,0.0601258614771185,0.26915438317145,0.269454581962874,0.273598544390661,0,52,0,3695,3690,3690,-0.00101334705587568,0.000556253610014011,0.000300198791424622,0.00414396242778636,0.000423356413642717,-0.00914995173640804
"lag_l","381",0.408638419128552,0.409061775542195,0.399911823805787,0.389894284081629,0.391245291810935,0,0.190450891708464,0.190332228386218,0.209137371673756,0,0,0,3695,3690,3690,0.0013510077293053,-0.391245291810935,-0.000118663322245471,0.0188051432875379,0.000423356413642717,-0.00914995173640804
"lag_m","381",0.408638419128552,0.409061775542195,0.399911823805787,0.231555265774156,0.230850138418984,0.23018385077829,0.391305753572872,0.390588697072678,0.400772496276036,0,0,0,3695,3690,3690,-0.000705127355172142,-0.000666287640693236,-0.000717056500194269,0.010183799203358,0.000423356413642717,-0.00914995173640804
"lag_2_cal_W","381",0.408638419128552,0.409061775542195,0.399911823805787,0.236689456288887,0.238478547303211,0.238315630195464,0.331558850445729,0.330897031354737,0.336966207878402,0,0,0,3695,3690,3690,0.00178909101432345,-0.000162917107746768,-0.00066181909099261,0.00606917652366479,0.000423356413642717,-0.00914995173640804
"lag_k","351",0.342139595505549,0.344070612053366,0.339994206245856,0.097438536288934,0.097740036506815,0.0921188667034078,0.138254124215493,0.132501190236275,0.133440184657416,0,0,0,793,789,789,0.000301500217881001,-0.00562116980340717,-0.00575293397921864,0.000938994421141481,0.00193101654781663,-0.00407640580751001
"lag_l","351",0.342139595505549,0.344070612053366,0.339994206245856,0.0374192572818406,0.0518060807532301,0.0336619476523974,0.131376873943832,0.12730535705969,0.1268277764112,0,0,0,793,789,789,0.0143868234713895,-0.0181441331008327,-0.00407151688414215,-0.000477580648489628,0.00193101654781663,-0.00407640580751001
"lag_m","351",0.342139595505549,0.344070612053366,0.339994206245856,0.39407900237246,0.39491808703567,0.398322375394828,0.205679805462288,0.192506854694188,0.19041773274262,0,0,52,793,789,789,0.000839084663210421,0.00340428835915796,-0.0131729507681001,-0.00208912195156769,0.00193101654781663,-0.00407640580751001
"lag_2_cal_W","351",0.342139595505549,0.344070612053366,0.339994206245856,0.539547319666646,0.510956490046448,0.511206425074954,0.27380318125308,0.287905950182486,0.294845591130935,0,0,0,793,789,789,-0.0285908296201972,0.000249935028505788,0.0141027689294056,0.00693964094844923,0.00193101654781663,-0.00407640580751001
"lag_k","331",0.320887552923385,0.320887552923385,0.323534120798663,0.0373074536197617,0.0460247268480223,0.0438401111990561,0.559555866728928,0.558973593138753,0.545488127409116,0,0,0,959,957,957,0.00871727322826062,-0.0021846156489662,-0.000582273590174598,-0.0134854657296367,0,0.00264656787527812
"lag_l","331",0.320887552923385,0.320887552923385,0.323534120798663,0,0,0,0.325284785133293,0.326227983445406,0.323355342657368,0,0,0,959,957,957,0,0,0.000943198312113425,-0.00287264078803784,0,0.00264656787527812
"lag_m","331",0.320887552923385,0.320887552923385,0.323534120798663,0.111155685841641,0.109091958182632,0.112170771058003,0.594115081175021,0.592138300995703,0.584028294663732,0,0,0,959,957,957,-0.0020637276590092,0.0030788128753711,-0.00197678017931879,-0.00811000633197023,0,0.00264656787527812
"lag_2_cal_W","331",0.320887552923385,0.320887552923385,0.323534120798663,0.0276193262200834,0.030698490511615,0.0355972315119416,0.53978465476779,0.541179172289637,0.533256270096968,0,0,0,959,957,957,0.00307916429153164,0.00489874100032658,0.00139451752184627,-0.00792290219266834,0,0.00264656787527812
"lag_k","314",0.266475791494053,0.265913258704948,0.264743007294178,0.0651210956203463,0.0778165579312765,0.0756453026744215,0.205396891872628,0.203047654740681,0.209973497239366,0,0,0,129,127,127,0.0126954623109302,-0.00217125525685502,-0.00234923713194723,0.00692584249868536,-0.000562532789104342,-0.0011702514107701
"lag_l","314",0.266475791494053,0.265913258704948,0.264743007294178,0.276929671510079,0.26303150763015,0.262147058478671,0.0313028576909519,0.597979823635814,0.598157116563898,0,52,52,129,127,127,-0.0138981638799298,-0.000884449151478783,0.566676965944862,0.000177292928083883,-0.000562532789104342,-0.0011702514107701
"lag_m","314",0.266475791494053,0.265913258704948,0.264743007294178,0.166070483839616,0.0982192311927472,0.0705767559154963,0.197955643939909,0.201850921656354,0.210327284604626,52,0,0,129,127,127,-0.0678512526468687,-0.0276424752772509,0.00389527771644493,0.00847636294827223,-0.000562532789104342,-0.0011702514107701
"lag_2_cal_W","314",0.266475791494053,0.265913258704948,0.264743007294178,0,0.0190437758849265,0,0.150324575581165,0.163603998217057,0.158701353232441,0,0,0,129,127,127,0.0190437758849265,-0.0190437758849265,0.0132794226358919,-0.00490264498461626,-0.000562532789104342,-0.0011702514107701
"lag_k","321",0.386888384138823,0.390293865253495,0.385384304182787,0.0661515912567908,0.0503847651872569,0.0477856628893525,0.125690360124254,0.146664803837004,0.141825762490263,0,0,0,2811,2799,2799,-0.0157668260695339,-0.00259910229790443,0.0209744437127501,-0.00483904134674049,0.00340548111467132,-0.00490956107070828
"lag_l","321",0.386888384138823,0.390293865253495,0.385384304182787,0,0.182608186192194,0.389263842300034,0.26396733983923,0.242257896905952,0.203832118622317,0,0,0,2811,2799,2799,0.182608186192194,0.206655656107841,-0.0217094429332776,-0.0384257782836356,0.00340548111467132,-0.00490956107070828
"lag_m","321",0.386888384138823,0.390293865253495,0.385384304182787,0.321844668739979,0.310893282436605,0.31101410419971,0.283751106076573,0.282838527565274,0.288696347205802,0,0,0,2811,2799,2799,-0.0109513863033739,0.000120821763104739,-0.000912578511299056,0.00585781964052745,0.00340548111467132,-0.00490956107070828
"lag_2_cal_W","321",0.386888384138823,0.390293865253495,0.385384304182787,0.371633449045308,0.819255591754782,0.889952936709572,0.257160900897622,0.25625038812788,0.252722642968199,0,0,0,2811,2799,2799,0.447622142709474,0.0706973449547899,-0.000910512769741911,-0.00352774515968141,0.00340548111467132,-0.00490956107070828
"lag_k","322",0.346870104618583,0.346870104618583,0.335215026753758,0.0865122321417511,0.0878154213469386,0.0879823292361122,0.296770726195093,0.292303965731019,0.29544737094422,0,0,0,4320,4314,4314,0.00130318920518749,0.000166907889173687,-0.00446676046407474,0.00314340521320172,0,-0.0116550778648242
"lag_l","322",0.346870104618583,0.346870104618583,0.335215026753758,0.051954397695866,0.0626035068297205,0.0604428075332087,0.283717822844303,0.28228656853348,0.28445071365259,0,0,0,4320,4314,4314,0.0106491091338545,-0.0021606992965118,-0.00143125431082314,0.00216414511911017,0,-0.0116550778648242
"lag_m","322",0.346870104618583,0.346870104618583,0.335215026753758,0.161225851361516,0.162808258448447,0.164585977981317,0.387092971668389,0.386467588194734,0.393027232797183,0,0,0,4320,4314,4314,0.00158240708693128,0.00177771953286943,-0.000625383473654817,0.00655964460244901,0,-0.0116550778648242
"lag_2_cal_W","322",0.346870104618583,0.346870104618583,0.335215026753758,0.177482262519016,0.880177535585786,0.182537063529318,0.364244082115477,0.328431342727045,0.364691103912682,0,0,0,4320,4314,4314,0.70269527306677,-0.697640472056468,-0.0358127393884314,0.0362597611856361,0,-0.0116550778648242
"lag_k","356",0.496678277205189,0.496678277205189,0.487913004688645,0.0374404116099172,0.0372575116286549,0.0350200122219465,0.0505790806790161,0.0505962001350583,0.0501644733169603,0,0,0,1676,1675,1675,-0.000182899981262391,-0.00223749940670834,1.71194560422624e-05,-0.000431726818098013,0,-0.00876527251654396
"lag_l","356",0.496678277205189,0.496678277205189,0.487913004688645,0.250830927052369,0.249684803591286,0.297744763533753,0.0963628391748815,0.0963376256490848,0.0926352763316015,0,0,52,1676,1675,1675,-0.0011461234610822,0.0480599599424663,-2.52135257967495e-05,-0.00370234931748327,0,-0.00876527251654396
"lag_m","356",0.496678277205189,0.496678277205189,0.487913004688645,0.28694631676176,0.28626015748832,0.284023596657574,0.223392243398816,0.223632579872788,0.231152745741347,0,0,0,1676,1675,1675,-0.000686159273440401,-0.00223656083074525,0.000240336473972147,0.00752016586855908,0,-0.00876527251654396
"lag_2_cal_W","356",0.496678277205189,0.496678277205189,0.487913004688645,0.275062593094338,0.274479488136787,0.278579753712561,0.156729075355625,0.156747719985529,0.15767405830175,0,0,0,1676,1675,1675,-0.000583104957551539,0.00410026557577436,1.86446299039467e-05,0.000926338316220104,0,-0.00876527251654396
"lag_k","332",0.356097541185629,0.356097541185629,0.347712961500976,0.0590316920764297,0.0564374242727264,0.0562717484359775,0.362664114052427,0.371748123461799,0.375183917508352,52,0,0,1003,1002,1002,-0.00259426780370324,-0.000165675836748959,0.00908400940937165,0.00343579404655314,0,-0.00838457968465273
"lag_l","332",0.356097541185629,0.356097541185629,0.347712961500976,0,0,0,0.413800969653262,0.414491355049127,0.414857301435935,0,0,0,1003,1002,1002,0,0,0.000690385395864579,0.000365946386808591,0,-0.00838457968465273
"lag_m","332",0.356097541185629,0.356097541185629,0.347712961500976,0.205942201405088,0.209335384885538,0.207314095277419,0.47725478357228,0.479479538094398,0.482894894128819,52,0,0,1003,1002,1002,0.00339318348044984,-0.00202128960811868,0.00222475452211834,0.00341535603442106,0,-0.00838457968465273
"lag_2_cal_W","332",0.356097541185629,0.356097541185629,0.347712961500976,0,0,0,0.590219738203134,0.590836588514663,0.598111128175063,0,0,0,1003,1002,1002,0,0,0.000616850311528805,0.00727453966040037,0,-0.00838457968465273
"lag_k","341",0.494675750775092,0.496914871932166,0.500929105086787,0.0217030177081213,0.0226738713130752,0.0198087846303203,0.323939185467272,0.324148184399201,0.309026091609735,0,0,0,1072,1069,1069,0.000970853604953848,-0.00286508668275487,0.000208998931929327,-0.0151220927894665,0.00223912115707425,0.00401423315462085
"lag_l","341",0.494675750775092,0.496914871932166,0.500929105086787,0.453729968879485,0.471666540967563,0,0.113786751936931,0.100069280023273,0.0846862575142406,0,0,0,1072,1069,1069,0.0179365720880786,-0.471666540967563,-0.0137174719136579,-0.0153830225090329,0.00223912115707425,0.00401423315462085
"lag_m","341",0.494675750775092,0.496914871932166,0.500929105086787,0.142397597788862,0.142715065665568,0.142574270110771,0.364809685979631,0.364789277221084,0.353512599806864,0,0,0,1072,1069,1069,0.000317467876705613,-0.000140795554796735,-2.04087585469193e-05,-0.0112766774142195,0.00223912115707425,0.00401423315462085
"lag_2_cal_W","341",0.494675750775092,0.496914871932166,0.500929105086787,0.0372028954411202,0.0361966951438089,0.0392642149022253,0.326812559619054,0.325616143508277,0.31513756672029,0,0,0,1072,1069,1069,-0.0010062002973113,0.00306751975841634,-0.00119641611077703,-0.0104785767879872,0.00223912115707425,0.00401423315462085
"lag_k","323",0.564588773362199,0.564588773362199,0.553371627210715,0.158217317818827,0.158217317818827,0.0891495272275443,0.0535733883968916,0.0535733883968916,0.436623811120107,0,0,0,559,559,559,0,-0.0690677905912831,0,0.383050422723216,0,-0.0112171461514836
"lag_l","323",0.564588773362199,0.564588773362199,0.553371627210715,0,0,0,0.294161611836649,0.294161611836649,0.303772692975851,0,0,0,559,559,559,0,0,0,0.00961108113920206,0,-0.0112171461514836
"lag_m","323",0.564588773362199,0.564588773362199,0.553371627210715,0,0,0,0.568774628583216,0.568774628583216,0.574571548554,0,0,0,559,559,559,0,0,0,0.00579691997078424,0,-0.0112171461514836
"lag_2_cal_W","323",0.564588773362199,0.564588773362199,0.553371627210715,0,0,0,0.57120542637144,0.57120542637144,0.586513932542121,0,0,0,559,559,559,0,0,0,0.0153085061706819,0,-0.0112171461514836
"lag_k","390",0.337313756281338,0.337313756281338,0.332587804169595,0.131872607395969,0.132094097790223,0.131077101435074,0.621108500306611,0.620383189395434,0.623923845481198,0,0,0,992,990,990,0.000221490394254259,-0.00101699635514937,-0.000725310911176225,0.0035406560857637,0,-0.00472595211174309
"lag_l","390",0.337313756281338,0.337313756281338,0.332587804169595,0.128822332969015,0.128709375181822,0.128394652613185,0.626435837147606,0.626112751679401,0.628769708200155,0,0,52,992,990,990,-0.000112957787192558,-0.000314722568637182,-0.000323085468205142,0.00265695652075459,0,-0.00472595211174309
"lag_m","390",0.337313756281338,0.337313756281338,0.332587804169595,0.238847311167262,0.235431365424543,0.241666439968959,0.431087998560616,0.436368292471078,0.43998862869441,0,0,0,992,990,990,-0.0034159457427197,0.00623507454441657,0.00528029391046225,0.00362033622333147,0,-0.00472595211174309
"lag_2_cal_W","390",0.337313756281338,0.337313756281338,0.332587804169595,0.24756439754386,0.242228506510484,0.250906061534399,0.420237035918461,0.427814420633898,0.431740707515935,0,0,0,992,990,990,-0.00533589103337637,0.00867755502391537,0.00757738471543723,0.00392628688203761,0,-0.00472595211174309
"lag_k","324",0.429851189507909,0.429851189507909,0.41181041802015,0.0854332530360077,0.0853970320970371,0.0877138667892479,0.373442058697398,0.373884826128422,0.383150392955107,0,0,0,1065,1064,1064,-3.62209389706408e-05,0.00231683469221086,0.000442767431023505,0.00926556682668556,0,-0.0180407714877593
"lag_l","324",0.429851189507909,0.429851189507909,0.41181041802015,0.0333845042795287,0.0325596852236167,0.0408209543792831,0.367401132619753,0.367760427429163,0.377095011494747,0,0,0,1065,1064,1064,-0.000824819055912064,0.0082612691556665,0.000359294809409938,0.00933458406558335,0,-0.0180407714877593
"lag_m","324",0.429851189507909,0.429851189507909,0.41181041802015,0.14239042489108,0.142480263942869,0.144601930537417,0.427809053516894,0.427752246764258,0.438998824147531,0,0,0,1065,1064,1064,8.98390517885816e-05,0.00212166659454888,-5.680675263664e-05,0.0112465773832737,0,-0.0180407714877593
"lag_2_cal_W","324",0.429851189507909,0.429851189507909,0.41181041802015,0.121131297639732,0.120964547157255,0.121267140073221,0.412446303432234,0.412916395850238,0.424944245995121,52,0,0,1065,1064,1064,-0.000166750482476816,0.000302592915965558,0.000470092418003998,0.0120278501448828,0,-0.0180407714877593
"lag_k","342",0.343075095331047,0.343075095331047,0.332920648974815,0.0393552714198515,0.0392087369800707,0.0403700871741326,0.191860286757142,0.18983120672046,0.202754910612007,0,0,0,2056,2053,2053,-0.000146534439780799,0.00116135019406197,-0.00202908003668195,0.0129237038915471,0,-0.0101544463562324
"lag_l","342",0.343075095331047,0.343075095331047,0.332920648974815,0.0854016242727037,0.0941344415900437,0.0704476036193373,0.200657338219887,0.200561713118166,0.208716265911265,0,0,0,2056,2053,2053,0.00873281731734,-0.0236868379707064,-9.56251017207588e-05,0.0081545527930989,0,-0.0101544463562324
"lag_m","342",0.343075095331047,0.343075095331047,0.332920648974815,0.269850906263868,0.270424711555783,0.27241885109263,0.352342620392835,0.352988700616374,0.366714465397685,0,52,0,2056,2053,2053,0.000573805291914808,0.00199413953684741,0.000646080223538681,0.0137257647813112,0,-0.0101544463562324
"lag_2_cal_W","342",0.343075095331047,0.343075095331047,0.332920648974815,0.318951160276152,0.319547569674245,0.328891606194823,0.299204239074336,0.299778431529349,0.303865476097653,0,0,0,2056,2053,2053,0.000596409398092856,0.00934403652057886,0.000574192455013056,0.00408704456830361,0,-0.0101544463562324
"lag_k","385",0.332269970452183,0.34123750423228,0.334355360540444,0.0214083078862152,0.0227805371082422,0.180726359859156,0.370703813638464,0.435585618782699,0.593803997553292,0,0,52,420,416,416,0.00137222922202699,0.157945822750913,0.0648818051442347,0.158218378770593,0.00896753378009701,-0.00688214369183526
"lag_l","385",0.332269970452183,0.34123750423228,0.334355360540444,0,0,-7.2767318939487e-20,0.276213154056361,0.286112602863884,0.286332154179694,0,0,0,420,416,416,0,-7.2767318939487e-20,0.00989944880752275,0.000219551315810307,0.00896753378009701,-0.00688214369183526
"lag_m","385",0.332269970452183,0.34123750423228,0.334355360540444,0.170600788102901,0.15237154480956,0.143819756918468,0.482488749869253,0.513369891951899,0.536415380820465,0,0,0,420,416,416,-0.0182292432933415,-0.00855178789109229,0.0308811420826463,0.0230454888685659,0.00896753378009701,-0.00688214369183526
"lag_2_cal_W","385",0.332269970452183,0.34123750423228,0.334355360540444,0.212603064504799,0.208759788756421,0.178794856420181,0.435055444094035,0.441459152011392,0.461646608859697,0,0,0,420,416,416,-0.00384327574837776,-0.0299649323362403,0.00640370791735734,0.0201874568483046,0.00896753378009701,-0.00688214369183526
"lag_k","355",0.422249440524876,0.422249440524876,0.415130697734417,0.141049249050477,0.141049249050477,0.139124477701257,0.555191361211008,0.555191361211008,0.565098257151892,52,52,52,526,526,526,0,-0.00192477134922078,0,0.00990689594088323,0,-0.00711874279045932
"lag_l","355",0.422249440524876,0.422249440524876,0.415130697734417,0,0,0,0.180164548752102,0.180164548752102,0.177833274136285,0,0,0,526,526,526,0,0,0,-0.00233127461581706,0,-0.00711874279045932
"lag_m","355",0.422249440524876,0.422249440524876,0.415130697734417,0.0966107088475224,0.0966107088475224,0.134057738122677,0.232728091137659,0.232728091137659,0.236320070056237,0,0,0,526,526,526,0,0.0374470292751545,0,0.00359197891857788,0,-0.00711874279045932
"lag_2_cal_W","355",0.422249440524876,0.422249440524876,0.415130697734417,0.19411458436613,0.19411458436613,0.222964332256257,0.271504715399734,0.271504715399734,0.279608006202522,0,0,0,526,526,526,0,0.0288497478901278,0,0.00810329080278765,0,-0.00711874279045932
"lag_k","353",0.462430005886268,0.462430005886268,0.530974866267352,0.181388671305073,0.181388671305073,0.153491752615531,0.103262417713126,0.103262417713126,0.095311776971335,0,0,0,25,25,25,0,-0.0278969186895419,0,-0.00795064074179094,0,0.0685448603810842
"lag_l","353",0.462430005886268,0.462430005886268,0.530974866267352,0.137914140287548,0.137914140287548,0.10829684589589,0.150889512105521,0.150889512105521,0.15054840443829,0,0,0,25,25,25,0,-0.0296172943916572,0,-0.000341107667230861,0,0.0685448603810842
"lag_m","353",0.462430005886268,0.462430005886268,0.530974866267352,0.424563952987611,0.424563952987611,0.217128934976498,0.17970789343241,0.17970789343241,0.0252756886383058,0,0,0,25,25,25,0,-0.207435018011113,0,-0.154432204794104,0,0.0685448603810842
"lag_2_cal_W","353",0.462430005886268,0.462430005886268,0.530974866267352,0.0588340755480949,0.0588340755480949,0.176225134218898,0.200584648478971,0.200584648478971,0.312298773292549,0,0,0,25,25,25,0,0.117391058670803,0,0.111714124813578,0,0.0685448603810842
"lag_k","354",0.610264219320481,0.610264219320481,0.603135344484065,0.0480888535470741,0.0480888535470741,0.019746517416211,0.143401055367424,0.143401055367424,0.138005472628447,0,0,0,152,152,152,0,-0.0283423361308631,0,-0.0053955827389767,0,-0.00712887483641622
"lag_l","354",0.610264219320481,0.610264219320481,0.603135344484065,0.312452664076593,0.312452664076593,0.286368041707619,0.0324004927114334,0.0324004927114334,0.0837902399439408,0,0,0,152,152,152,0,-0.0260846223689741,0,0.0513897472325074,0,-0.00712887483641622
"lag_m","354",0.610264219320481,0.610264219320481,0.603135344484065,0.0109372184883664,0.0109372184883664,0.0710029849660226,0.134792051054074,0.134792051054074,0.148260637715308,0,0,0,152,152,152,0,0.0600657664776562,0,0.0134685866612343,0,-0.00712887483641622
"lag_2_cal_W","354",0.610264219320481,0.610264219320481,0.603135344484065,0,0,0,0.0954202178093566,0.0954202178093566,0.106103953194503,0,0,0,152,152,152,0,0,0,0.0106837353851463,0,-0.00712887483641622
"lag_k","382",0.383289279274019,0.383289279274019,0.37396507997478,0.0678963604145113,0.117435321003491,0.127095821409041,0.163300202295978,0.628525147487479,0.625405549230687,0,52,0,2164,2161,2161,0.0495389605889795,0.00966050040555021,0.465224945191501,-0.00311959825679142,0,-0.00932419929923833
"lag_l","382",0.383289279274019,0.383289279274019,0.37396507997478,0.436916983730862,0.417026703724654,0.348854022461848,0.209965248847104,0.208048216691788,0.212151960718316,52,0,0,2164,2161,2161,-0.0198902800062075,-0.0681726812628065,-0.00191703215531572,0.00410374402652794,0,-0.00932419929923833
"lag_m","382",0.383289279274019,0.383289279274019,0.37396507997478,0.255426132549337,0.25934049137521,0.256302866038587,0.414551688393781,0.409199784346796,0.417840494236476,0,0,0,2164,2161,2161,0.00391435882587338,-0.00303762533662338,-0.00535190404698543,0.00864070988968019,0,-0.00932419929923833
"lag_2_cal_W","382",0.383289279274019,0.383289279274019,0.37396507997478,0.263823870444647,1,0.246778861730081,0.332680131495307,0.306746381363862,0.326637765213538,0,0,0,2164,2161,2161,0.736176129555353,-0.753221138269919,-0.0259337501314447,0.0198913838496758,0,-0.00932419929923833
"lag_k","362",0.276218940695978,0.276218940695978,0.270784392259416,0.219543362642441,0.219543362642441,0.221884452776621,0.57568087596077,0.57568087596077,0.578935986284017,0,0,52,390,390,390,0,0.00234109013418038,0,0.00325511032324688,0,-0.00543454843656155
"lag_l","362",0.276218940695978,0.276218940695978,0.270784392259416,0.220923296808345,0.220923296808345,0.224501592268949,0.573713859273335,0.573713859273335,0.575624956809634,0,0,52,390,390,390,0,0.00357829546060373,0,0.0019110975362987,0,-0.00543454843656155
"lag_m","362",0.276218940695978,0.276218940695978,0.270784392259416,0.564690877017629,0.564690877017629,0.56199434079229,0,0,0,0,0,0,390,390,390,0,-0.00269653622533883,0,0,0,-0.00543454843656155
"lag_2_cal_W","362",0.276218940695978,0.276218940695978,0.270784392259416,0,0,0,0.540613603498179,0.540613603498179,0.577185401300441,0,0,0,390,390,390,0,0,0,0.0365717978022625,0,-0.00543454843656155
"lag_k","383",0.400081215235694,0.402978057099342,0.394945790296553,0.0462507345482416,0.0459150951509688,0.0463267783017131,0.201991437629662,0.196478245125362,0.197970230138424,52,0,0,1407,1404,1404,-0.000335639397272755,0.000411683150744323,-0.00551319250429971,0.00149198501306239,0.00289684186364775,-0.00803226680278879
"lag_l","383",0.400081215235694,0.402978057099342,0.394945790296553,0,0,0,0.142694809497823,0.143892862657891,0.1417732370236,0,0,0,1407,1404,1404,0,0,0.00119805316006735,-0.00211962563429105,0.00289684186364775,-0.00803226680278879
"lag_m","383",0.400081215235694,0.402978057099342,0.394945790296553,0.219755800804988,0.219491603751561,0.227732781696235,0.333561815291725,0.331278120689825,0.342888701206797,0,0,0,1407,1404,1404,-0.000264197053427395,0.00824117794467466,-0.00228369460189931,0.0116105805169718,0.00289684186364775,-0.00803226680278879
"lag_2_cal_W","383",0.400081215235694,0.402978057099342,0.394945790296553,0.15348413366777,0.153075274426272,0.15718786776403,0.287825755187445,0.283078942016008,0.283668328953128,0,0,0,1407,1404,1404,-0.000408859241497861,0.00411259333775807,-0.00474681317143688,0.000589386937119685,0.00289684186364775,-0.00803226680278879
"lag_k","384",0.441275211156604,0.441275211156604,0.431140761999481,0.0707957786152261,0.0707576712471604,0.063592651383803,0.28704776989856,0.28218892302096,0.311183868826947,0,0,0,1468,1467,1467,-3.8107368065643e-05,-0.00716501986335739,-0.00485884687759958,0.0289949458059872,0,-0.0101344491571224
"lag_l","384",0.441275211156604,0.441275211156604,0.431140761999481,0,0,0,0.242895393348406,0.244105858708188,0.244571563602722,0,0,0,1468,1467,1467,0,0,0.00121046535978186,0.00046570489453493,0,-0.0101344491571224
"lag_m","384",0.441275211156604,0.441275211156604,0.431140761999481,0.224808211457144,0.225770419266503,0.221409231426319,0.428571158309672,0.426896978676353,0.44655597497318,0,0,0,1468,1467,1467,0.000962207809359267,-0.00436118784018413,-0.00167417963331928,0.0196589962968267,0,-0.0101344491571224
"lag_2_cal_W","384",0.441275211156604,0.441275211156604,0.431140761999481,0.246106955753467,0.247652881830735,0.237038537165197,0.421479341210936,0.41780577326324,0.440562840898331,0,0,0,1468,1467,1467,0.00154592607726811,-0.010614344665538,-0.0036735679476968,0.022757067635091,0,-0.0101344491571224
"lag_k","361",0.247143857971132,0.247143857971132,0.238816266840168,0.128666213104201,0.128666213104201,0.118102271881773,0.635900517324994,0.635900517324994,0.650886503125451,0,0,0,211,211,211,0,-0.010563941222428,0,0.0149859858004572,0,-0.00832759113096387
"lag_l","361",0.247143857971132,0.247143857971132,0.238816266840168,0.434192101574169,0.434192101574169,0.436426863266978,0.418923066966947,0.418923066966947,0.423176852681563,0,0,0,211,211,211,0,0.00223476169280851,0,0.00425378571461638,0,-0.00832759113096387
"lag_m","361",0.247143857971132,0.247143857971132,0.238816266840168,0.177792476417071,0.177792476417071,0.169520166542949,0.641304149481898,0.641304149481898,0.654627939892819,0,0,0,211,211,211,0,-0.00827230987412225,0,0.0133237904109209,0,-0.00832759113096387
"lag_2_cal_W","361",0.247143857971132,0.247143857971132,0.238816266840168,0.0237775751614566,0.0237775751614566,0,0.621009498197745,0.621009498197745,0.640762592805098,0,0,52,211,211,211,0,-0.0237775751614566,0,0.0197530946073524,0,-0.00832759113096387
"lag_k","369",0.244085194517817,0.248031564442014,0.243783172098546,0.0552809939869333,0.0525651531354738,0.0521570738525908,0.529373312609023,0.570509273620224,0.567144999309969,52,0,0,1501,1494,1494,-0.00271584085145947,-0.000408079282882966,0.0411359610112005,-0.00336427431025477,0.003946369924197,-0.00424839234346813
"lag_l","369",0.244085194517817,0.248031564442014,0.243783172098546,0,6.87565485367801e-06,0,0.303085688541601,0.280897995424465,0.280220813312887,0,0,0,1501,1494,1494,6.87565485367801e-06,-6.87565485367801e-06,-0.0221876931171362,-0.000677182111578578,0.003946369924197,-0.00424839234346813
"lag_m","369",0.244085194517817,0.248031564442014,0.243783172098546,0.33147070095157,0.270897533480681,1,0.606354535263,0.756445214110442,0.80765061461273,0,0,0,1501,1494,1494,-0.0605731674708893,0.729102466519319,0.150090678847442,0.0512054005022881,0.003946369924197,-0.00424839234346813
"lag_2_cal_W","369",0.244085194517817,0.248031564442014,0.243783172098546,0.157385140736525,0.158269268451578,0.163835559944921,0.670780257689535,0.665458619342595,0.658434724766809,0,0,0,1501,1494,1494,0.00088412771505339,0.0055662914933424,-0.00532163834693988,-0.007023894575786,0.003946369924197,-0.00424839234346813
"lag_k","371",0.383160763214059,0.383160763214059,0.381395930517754,0.0133065502080717,0.0133065502080717,0.0159694513512466,0.190885416335192,0.190885416335192,0.177282495530481,0,0,0,326,326,326,0,0.00266290114317494,0,-0.0136029208047115,0,-0.00176483269630484
"lag_l","371",0.383160763214059,0.383160763214059,0.381395930517754,0.158608036122385,0.158608036122385,0.162284735024037,0.296098035849392,0.296098035849392,0.28599451505166,0,0,52,326,326,326,0,0.00367669890165229,0,-0.0101035207977321,0,-0.00176483269630484
"lag_m","371",0.383160763214059,0.383160763214059,0.381395930517754,0.194096064948178,0.194096064948178,0.198647857546144,0.35085250735606,0.35085250735606,0.345888159185527,0,0,0,326,326,326,0,0.00455179259796634,0,-0.00496434817053304,0,-0.00176483269630484
"lag_2_cal_W","371",0.383160763214059,0.383160763214059,0.381395930517754,0.113793775073145,0.113793775073145,0.114723861548604,0.503143387381454,0.503143387381454,0.505026166649243,0,0,0,326,326,326,0,0.0009300864754586,0,0.00188277926778868,0,-0.00176483269630484
"lag_k","372",0.475235844643853,0.475235844643853,0.497767327216912,0.221810234475525,0.221420323585774,0.214050725516837,0.489079812965564,0.486349925756865,0.469238924617997,0,52,0,218,217,217,-0.000389910889750711,-0.00736959806893733,-0.00272988720869916,-0.0171110011388679,0,0.0225314825730593
"lag_l","372",0.475235844643853,0.475235844643853,0.497767327216912,0.324341560155697,0.420451932652326,0.110265315693527,0.188759030514041,0.20824253998306,0.173641172213137,0,0,0,218,217,217,0.096110372496629,-0.310186616958799,0.0194835094690197,-0.034601367769923,0,0.0225314825730593
"lag_m","372",0.475235844643853,0.475235844643853,0.497767327216912,0.257716928937095,0.254862827298961,0.254358378164081,0.330616630659192,0.325608244094879,0.306718624530866,0,0,0,218,217,217,-0.00285410163813349,-0.000504449134880458,-0.00500838656431374,-0.0188896195640131,0,0.0225314825730593
"lag_2_cal_W","372",0.475235844643853,0.475235844643853,0.497767327216912,0.197906441942562,0.196186189188275,0.215713009447341,0.293309095406175,0.292961536862862,0.252829181157264,0,0,0,218,217,217,-0.00172025275428705,0.0195268202590664,-0.000347558543312476,-0.0401323557055984,0,0.0225314825730593
