"sic_3","ins","K_base","K_range","share_K_moved_gt_0.1","share_L_moved_gt_0.1"
"321","lag_k",0.0661515912567908,"[0.06,0.07]",0,0
"321","lag_l",0,"[0.00,0.39]",0.025,0
"321","lag_m",0.321844668739979,"[0.32,0.33]",0,0
"321","lag_2_cal_W",0.371633449045308,"[0.36,1.00]",0.175,0
"321","lag_2_w_eps",0.305243278357231,"[0.30,0.31]",0,0
"322","lag_k",0.0865122321417511,"[0.08,0.09]",0,0
"322","lag_l",0.051954397695866,"[0.04,0.49]",0.025,0
"322","lag_m",0.161225851361516,"[0.16,0.16]",0,0
"322","lag_2_cal_W",0.177482262519016,"[0.17,0.86]",0.025,0
"322","lag_2_w_eps",0.178055539678178,"[0.17,0.18]",0,0
"369","lag_k",0.0552809939869333,"[0.05,0.06]",0,0.25
"369","lag_l",0,"[0.00,0.33]",0.2,0
"369","lag_m",0.33147070095157,"[0.32,0.35]",0,0
"369","lag_2_cal_W",0.157385140736525,"[0.10,0.22]",0,0
"369","lag_2_w_eps",0.333875665880883,"[0.31,0.35]",0,0
