"sic_3","ins","beta","alpha_K","alpha_L","conv","F_weak","p_weak","p_wu","p_sargan","n","at_bound","rts"
"311","lag_k",0.591827362116414,0.191954867556238,0.231186237942368,0,3.76155027054277,0.0525006555804453,2.0439521196831e-05,NA,5825,FALSE,1.01496846761502
"352","lag_k",0.40678804652219,0.175184386913126,0.491176460646103,0,2.66999001959481,0.102421899064709,0.00368492633481579,NA,2205,FALSE,1.07314889408142
"312","lag_k",0.57445392787883,0.140928864964709,0.391650313059766,0,1.362236744063,0.243433252742415,0.0278871997478536,NA,1168,FALSE,1.10703310590331
"313","lag_k",0.286812793057781,0.266129453138774,0.58578965751905,0,0.640076774417733,0.42390548431205,0.118954142600396,NA,969,FALSE,1.1387319037156
"381","lag_k",0.399911823805787,0.0598725079024836,0.265895825524887,0,3198.36517725635,0,3.07126471992732e-18,NA,3646,FALSE,0.725680157233157
"351","lag_k",0.339994206245856,0.0964656044428323,0.133410633230069,52,1132.4148645928,8.90524077616348e-144,0.00599984621590044,NA,759,FALSE,0.569870443918758
"331","lag_k",0.323534120798663,0.0444369486169394,0.546915719728593,0,117.708569769918,1.23478142554817e-25,0.00232485758926444,NA,951,FALSE,0.914886789144195
"314","lag_k",0.264743007294178,0.0756453026744215,0.209973497239366,0,553.072051616731,7.30026242406421e-44,0.278000731336078,NA,127,FALSE,0.550361807207966
"321","lag_k",0.385384304182787,0.0459754778107304,0.166602905947242,0,4023.29131377381,0,1.47946211947193e-06,NA,2693,FALSE,0.597962687940759
"322","lag_k",0.335215026753758,0.091697188935328,0.292916081591061,0,1359.80523742025,5.66725805678117e-252,8.78154807924112e-08,NA,4247,FALSE,0.719828297280147
"356","lag_k",0.487913004688645,0.0357644072318062,0.0506678170264687,0,3606.03221839224,0,5.85912403032244e-14,NA,1625,FALSE,0.57434522894692
"332","lag_k",0.347712961500976,0.0525569288517841,0.37117649113924,0,298.289774942105,5.76787446180842e-57,4.5025727266197e-06,NA,985,FALSE,0.771446381492
"341","lag_k",0.500929105086787,0.0200371595729542,0.308607110959477,0,1078.65779944737,1.33624698453525e-156,0.00105867518878842,NA,1062,FALSE,0.829573375619219
"323","lag_k",0.553371627210715,0.0891495272275443,0.436623811120107,0,21.5733532504881,4.45643641774668e-06,0.000322426894340575,NA,559,FALSE,1.07914496555837
"390","lag_k",0.332587804169595,0.130261046422589,0.626117776534177,0,0.911890467582037,0.339901055299952,0.0998596890549694,NA,979,FALSE,1.08896662712636
"324","lag_k",0.41181041802015,0.087402666965223,0.386849378474352,0,218.443840552748,2.91205227847385e-44,0.0116760036351899,NA,1063,FALSE,0.886062463459725
"342","lag_k",0.332920648974815,0.0440260034867915,0.215433581490772,0,4157.5851462957,0,5.26877571101786e-12,NA,1967,FALSE,0.592380233952378
"385","lag_k",0.334355360540444,0.180726359859156,0.593803997553292,52,0.0145257890706408,0.904137835352268,0.882435072273643,NA,416,FALSE,1.10888571795289
"355","lag_k",0.415130697734417,0.139974309925444,0.563482087784596,52,0.0330333748057388,0.855862523855965,0.837844931623415,NA,522,FALSE,1.11858709544446
"354","lag_k",0.603135344484065,0.019746517416211,0.138005472628447,0,129.115446541796,3.32193550235002e-21,0.601703870409579,NA,152,FALSE,0.760887334528723
"382","lag_k",0.37396507997478,0.0762166034675534,0.151599648651519,0,1244.41200527642,4.74171596360785e-207,2.90241221771021e-09,NA,2139,FALSE,0.601781332093853
"362","lag_k",0.270784392259416,0.246276005847858,0.543897002578917,0,0.317222282017015,0.57367011219326,0.119995178412208,NA,380,FALSE,1.06095740068619
"383","lag_k",0.394945790296553,0.0471127770289399,0.189949314911669,0,2071.82574920165,4.20938363854707e-261,4.26554981738118e-07,NA,1381,FALSE,0.632007882237162
"384","lag_k",0.431140761999481,0.0607252573893002,0.319404396277439,0,1516.90795069703,8.86917409106451e-215,5.63838271892842e-14,NA,1427,FALSE,0.811270415666221
"361","lag_k",0.238816266840168,0.118102271881773,0.650886503125451,0,160.530064942269,2.48596896749475e-26,0.0773409782916111,NA,211,FALSE,1.00780504184739
"369","lag_k",0.243783172098546,0.0583300685919254,0.565140406932962,0,1549.47387062911,1.10299314208696e-218,3.57996357074846e-08,NA,1480,FALSE,0.867253647623433
"371","lag_k",0.381395930517754,0.0159694513512466,0.177282495530481,0,855.377328023525,1.95331200809078e-83,0.0609624505825673,NA,326,FALSE,0.574647877399482
"372","lag_k",0.497767327216912,0.215388745067209,0.466432531123364,0,0.0226657737214868,0.880507956207067,0.639253426374493,NA,215,FALSE,1.17958860340749
"353","lag_k",NA,NA,NA,NA,NA,NA,NA,NA,NA,NA,NA
"311","lag_l",0.591827362116414,0.190695174097797,0.232338946510354,52,0.372623956709303,0.541605462387788,6.67855806711043e-08,NA,5825,FALSE,1.01486148272456
"352","lag_l",0.40678804652219,0.206498565795683,0.0995077644101104,0,2585.36674496599,0,6.90361946129545e-16,NA,2205,FALSE,0.712794376727984
"312","lag_l",0.57445392787883,0.267643693257228,0.099612048494129,0,129.353931710495,3.02773911885943e-28,4.36262857658481e-06,NA,1168,FALSE,0.941709669630187
"313","lag_l",0.286812793057781,0.543712485791774,0.134913428539271,0,8.88253877694568,0.00296075766632563,0.512015068209663,NA,969,FALSE,0.965438707388826
"381","lag_l",0.399911823805787,0,0.20771537113437,0,6937.49984187183,0,5.93502342036638e-29,NA,3646,TRUE,0.607627194940157
"351","lag_l",0.339994206245856,0.0499783171984096,0.123571767079136,0,1386.9781732054,1.83969258419132e-162,0.00296476650579605,NA,759,FALSE,0.513544290523401
"331","lag_l",0.323534120798663,0,0.322991587486972,0,768.825158071826,3.20613529971507e-118,2.20816108219328e-09,NA,951,TRUE,0.646525708285635
"314","lag_l",0.264743007294178,0.262147058478671,0.598157116563898,52,0.00520395112861014,0.942627693144686,0.874715546383628,NA,127,FALSE,1.12504718233675
"321","lag_l",0.385384304182787,0,0.256740932472259,0,4395.57242547198,0,2.80986305234308e-06,NA,2693,TRUE,0.642125236655046
"322","lag_l",0.335215026753758,0.0620247542924311,0.281085212753361,0,3725.53306214437,0,9.21580170253501e-18,NA,4247,FALSE,0.678324993799551
"356","lag_l",0.487913004688645,0.30042945093121,0.0987929213619286,0,383.437610603059,2.24041728185281e-75,2.29793131165638e-10,NA,1625,FALSE,0.887135376981784
"332","lag_l",0.347712961500976,0,0.416387833678464,0,614.191791667766,7.9640671358468e-101,5.13995128516344e-09,NA,985,TRUE,0.76410079517944
"341","lag_l",0.500929105086787,0.479842785009939,0.0930812936576726,0,15.524792048223,8.76697168066819e-05,0.246753617880631,NA,1062,FALSE,1.0738531837544
"323","lag_l",0.553371627210715,0,0.303772692975851,0,606.905413817987,5.97892554220673e-86,6.84958387492236e-06,NA,559,TRUE,0.857144320186566
"390","lag_l",0.332587804169595,0.122411681388446,0.640171370160764,0,0.625408439824018,0.42927834044151,0.00121772096010539,NA,979,FALSE,1.0951708557188
"324","lag_l",0.41181041802015,0.0345905318803589,0.379831403262143,0,813.83734715522,7.55629636879798e-127,3.47023987049368e-05,NA,1063,FALSE,0.826232353162652
"342","lag_l",0.332920648974815,0.0684281085507148,0.220727105929087,0,7152.91980290263,0,6.09473142069703e-22,NA,1967,FALSE,0.622075863454617
"385","lag_l",0.334355360540444,-7.2767318939487e-20,0.286332154179694,0,727.740474898921,1.3750738194382e-87,0.000399649464428569,NA,416,TRUE,0.620687514720138
"355","lag_l",0.415130697734417,0,0.175101477151975,0,1713.88242230767,2.50592651693051e-153,0.0279541829819441,NA,522,TRUE,0.590232174886392
"354","lag_l",0.603135344484065,0.286368041707619,0.0837902399439408,0,0.0615005084319951,0.804531145012339,0.472646175068073,NA,152,FALSE,0.973293626135625
"382","lag_l",0.37396507997478,0.714168628363537,0.18867276662388,0,122.693713932221,1.27612909563847e-27,0.000692741857396417,NA,2139,FALSE,1.2768064749622
"362","lag_l",0.270784392259416,0.239952260175196,0.553280236276123,52,0.115260345073356,0.734452272555943,0.272051582445917,NA,380,FALSE,1.06401688871074
"383","lag_l",0.394945790296553,0,0.139488234424805,0,3839.91813299498,0,6.35556459689809e-12,NA,1381,TRUE,0.534434024721358
"384","lag_l",0.431140761999481,0,0.256210205377244,0,3048.76218644606,0,4.96946697215996e-18,NA,1427,TRUE,0.687350967376725
"361","lag_l",0.238816266840168,0.436426863266978,0.423176852681563,0,1.17904414626419,0.279087998209488,0.738236873472001,NA,211,FALSE,1.09841998278871
"369","lag_l",0.243783172098546,0.329352788140334,0.347320531846594,0,250.046841639407,2.48930096950706e-51,2.87089977256007e-06,NA,1480,FALSE,0.920456492085474
"371","lag_l",0.381395930517754,0.162284735024037,0.28599451505166,52,245.54896414696,3.20329153521927e-39,0.309252129180855,NA,326,FALSE,0.829675180593451
"372","lag_l",0.497767327216912,0.0103427943862605,0.171278630749311,0,566.561481118993,5.22031296312087e-56,0.0537243796450576,NA,215,FALSE,0.679388752352484
"353","lag_l",NA,NA,NA,NA,NA,NA,NA,NA,NA,NA,NA
"311","lag_m",0.591827362116414,0.227210289848353,0.217971522981637,0,915.66951243355,1.03118475519062e-184,0.00053186198482874,NA,5825,FALSE,1.0370091749464
"352","lag_m",0.40678804652219,0.420449760497362,0.208059427878507,0,32.7029764056866,1.24396939638134e-08,0.25455446178122,NA,2205,FALSE,1.03529723489806
"312","lag_m",0.57445392787883,0.222911584816462,0.304102376889097,0,200.052356199576,1.76989749871654e-41,0.00614157880822609,NA,1168,FALSE,1.10146788958439
"313","lag_m",0.286812793057781,0.530832560481655,0.144780587896058,0,53.5421930367921,5.83846768165066e-13,0.126631026034652,NA,969,FALSE,0.962425941435494
"381","lag_m",0.399911823805787,0.232158709715694,0.400461851513329,0,1286.50304653764,5.84997468155119e-235,1.49446110976394e-05,NA,3646,FALSE,1.03253238503481
"351","lag_m",0.339994206245856,0.315264990733364,0.202394564287271,0,1723.38953625764,7.72339710754932e-184,2.26608046303469e-07,NA,759,FALSE,0.857653761266491
"331","lag_m",0.323534120798663,0.111574289431048,0.584095184526646,0,451.576500667084,2.2336819065455e-79,0.0029145617772861,NA,951,FALSE,1.01920359475636
"314","lag_m",0.264743007294178,0.0705767559154963,0.210327284604626,0,2840.39831722042,2.31650170561185e-78,0.0131780216519192,NA,127,FALSE,0.5456470478143
"321","lag_m",0.385384304182787,0.310885763711803,0.288782712832698,0,478.928953196823,1.86767624466553e-96,0.00891142853179615,NA,2693,FALSE,0.985052780727288
"322","lag_m",0.335215026753758,0.166684489256739,0.394379468536936,0,4662.0663874262,0,5.2733943029806e-12,NA,4247,FALSE,0.896278984547433
"356","lag_m",0.487913004688645,0.289104884138208,0.240499754181236,0,284.201110364489,4.94469044229985e-58,0.00178244323329291,NA,1625,FALSE,1.01751764300809
"332","lag_m",0.347712961500976,0.219833501809932,0.483155738586402,0,47.7403799296195,1.00037586466067e-11,0.308966351718147,NA,985,FALSE,1.05070220189731
"341","lag_m",0.500929105086787,0.144257255649465,0.355373747941579,0,1745.10492846467,1.0229460056241e-213,7.29661633930658e-05,NA,1062,FALSE,1.00056010867783
"323","lag_m",0.553371627210715,0,0.574571548554,0,39.585642483521,7.34653452529875e-10,0.0273397610357123,NA,559,TRUE,1.12794317576472
"390","lag_m",0.332587804169595,0.244429907578991,0.434613153960463,0,188.62788699776,1.05049498619104e-38,0.0282863783169453,NA,979,FALSE,1.01163086570905
"324","lag_m",0.41181041802015,0.143149470270346,0.442387160674609,0,195.597515654309,3.0906091180116e-40,0.122118173771215,NA,1063,FALSE,0.997347048965105
"342","lag_m",0.332920648974815,0.266107859837004,0.401366445689756,0,541.445801674856,1.19962812472285e-103,5.52782034378161e-07,NA,1967,FALSE,1.00039495450157
"385","lag_m",0.334355360540444,0.143819756918468,0.536415380820465,0,332.357943576876,1.01120694116847e-52,0.00424303758409217,NA,416,FALSE,1.01459049827938
"355","lag_m",0.415130697734417,0.122706524005539,0.236994622008918,0,3575.27676174626,1.62426476977566e-212,0.000131700376962902,NA,522,FALSE,0.774831843748875
"354","lag_m",0.603135344484065,0.0710029849660226,0.148260637715308,0,1386.46126754005,3.27769843616356e-71,0.0952746900120391,NA,152,FALSE,0.822398967165395
"382","lag_m",0.37396507997478,0.260686866509982,0.411647918109936,0,784.563197374369,2.73455442449688e-143,8.15768845119194e-05,NA,2139,FALSE,1.0462998645947
"362","lag_m",0.270784392259416,0.380382745132507,0.350558109715679,0,12.8603566778733,0.000387172286571099,0.682855655872616,NA,380,FALSE,1.0017252471076
"383","lag_m",0.394945790296553,0.222760086776404,0.335454153723737,0,2103.70846508027,1.37387845186985e-263,9.40706208596814e-12,NA,1381,FALSE,0.953160030796694
"384","lag_m",0.431140761999481,0.229818656542387,0.455097402222725,0,229.89500128033,1.27615081144509e-47,0.0248091373216441,NA,1427,FALSE,1.11605682076459
"361","lag_m",0.238816266840168,0.169520166542949,0.654627939892819,0,203.251670167034,7.65565503863731e-31,0.0357137235328139,NA,211,FALSE,1.06296437327594
"369","lag_m",0.243783172098546,1,0.826270861308575,0,1255.05917761886,4.66304090998363e-189,3.52331195348487e-07,NA,1480,TRUE,2.07005403340712
"371","lag_m",0.381395930517754,0.198647857546144,0.345888159185527,0,619.303832718412,3.50227066974821e-70,0.359144047609264,NA,326,FALSE,0.925931947249426
"372","lag_m",0.497767327216912,0.253235277033042,0.307169292828004,0,120.841515380192,1.41474545421835e-21,0.276955259033423,NA,215,FALSE,1.05817189707796
"353","lag_m",NA,NA,NA,NA,NA,NA,NA,NA,NA,NA,NA
"311","lag_2_cal_W",0.591827362116414,0.285720020947019,0.194431294873987,52,54.4847732041664,1.88084494017691e-13,0.240711405008666,NA,5825,FALSE,1.07197867793742
"352","lag_2_cal_W",0.40678804652219,0.543304966558863,0.19109957817121,0,114.57486153633,6.8433420570184e-26,0.0271645554991213,NA,2205,FALSE,1.14119259125226
"312","lag_2_cal_W",0.57445392787883,0.219158701131142,0.245942457989935,0,235.734416581899,5.61363314772879e-47,0.0123433697065214,NA,1168,FALSE,1.03955508699991
"313","lag_2_cal_W",0.286812793057781,0.456308568596229,0.218147139309038,0,113.177947608604,1.03305410225194e-24,0.0628736048759386,NA,969,FALSE,0.961268500963047
"381","lag_2_cal_W",0.399911823805787,0.243528084880161,0.337142842151217,0,1116.70460269627,1.9791293562845e-202,2.61696325134009e-08,NA,3646,FALSE,0.980582750837165
"351","lag_2_cal_W",0.339994206245856,0.171358522816459,0.252933336381056,0,3269.49470864416,9.07303084283946e-231,8.44455503592973e-07,NA,759,FALSE,0.76428606544337
"331","lag_2_cal_W",0.323534120798663,0.0371842551867636,0.534207683559409,0,853.142989475436,3.09950840392867e-119,1.48408728785535e-05,NA,951,FALSE,0.894926059544835
"314","lag_2_cal_W",0.264743007294178,0,0.158701353232441,0,4183.21374350832,1.30104746757952e-76,0.0333910401877523,NA,127,TRUE,0.423444360526619
"321","lag_2_cal_W",0.385384304182787,0.141087706865927,0.351467188691401,0,2807.96141182802,0,1.80298818756377e-10,NA,2693,FALSE,0.877939199740114
"322","lag_2_cal_W",0.335215026753758,0.182059696856908,0.365754137893043,0,1997.66327101956,0,3.21719105784391e-06,NA,4247,FALSE,0.883028861503709
"356","lag_2_cal_W",0.487913004688645,0.295634401875374,0.165854113888841,0,427.554216123376,1.11390458040537e-80,0.000438364628022596,NA,1625,FALSE,0.94940152045286
"332","lag_2_cal_W",0.347712961500976,0,0.602680642244463,0,488.242949638565,1.75611837955939e-80,6.92943477797913e-08,NA,985,TRUE,0.950393603745439
"341","lag_2_cal_W",0.500929105086787,0.0323954194317595,0.318341550052898,0,6157.38974828164,0,2.04944189247893e-08,NA,1062,FALSE,0.851666074571444
"323","lag_2_cal_W",0.553371627210715,0,0.586513932542121,0,21.2474166258178,5.54293681619753e-06,0.022011405182232,NA,559,TRUE,1.13988555975284
"390","lag_2_cal_W",0.332587804169595,0.25254003641395,0.42854142515908,0,119.944199927862,8.95240071379127e-26,0.0452853661618581,NA,979,FALSE,1.01366926574262
"324","lag_2_cal_W",0.41181041802015,0.119513190502651,0.429967678776039,0,268.212250966037,2.63025653269668e-51,0.222057101668148,NA,1063,FALSE,0.96129128729884
"342","lag_2_cal_W",0.332920648974815,0.337170541094454,0.317186739424862,0,255.134393240882,1.17886114774137e-52,0.00177788422238274,NA,1967,FALSE,0.98727792949413
"385","lag_2_cal_W",0.334355360540444,0.178794856420181,0.461646608859697,0,227.480408419671,1.37942503428429e-38,0.00162074837385141,NA,416,FALSE,0.974796825820322
"355","lag_2_cal_W",0.415130697734417,0.221843884629369,0.276937793125681,0,506.400598961678,9.04608359430767e-71,0.0659084036720103,NA,522,FALSE,0.913912375489468
"354","lag_2_cal_W",0.603135344484065,0,0.106103953194503,0,1892.70306281296,2.03083175918122e-72,0.0095032701793961,NA,152,TRUE,0.709239297678568
"382","lag_2_cal_W",0.37396507997478,0.248076150780703,0.328993376447162,0,1074.21918366593,2.36166520677015e-177,2.13649350498917e-08,NA,2139,FALSE,0.951034607202646
"362","lag_2_cal_W",0.270784392259416,0.358388810203415,0.205077929550537,0,168.211655166127,1.91753707791726e-30,0.0896206529455922,NA,380,FALSE,0.834251132013368
"383","lag_2_cal_W",0.394945790296553,0.148352510979279,0.275517032252701,0,3995.57593332686,0,2.93544369678694e-13,NA,1381,FALSE,0.818815333528532
"384","lag_2_cal_W",0.431140761999481,0.240905548541321,0.45105060873485,0,71.6727461935943,9.03496907179639e-17,0.0673877052309527,NA,1427,FALSE,1.12309691927565
"361","lag_2_cal_W",0.238816266840168,0,0.640762592805098,52,1545.78445957603,1.58295946686201e-77,7.71348391826267e-05,NA,211,TRUE,0.879578859645266
"369","lag_2_cal_W",0.243783172098546,0.146356842049533,0.67115535861336,0,674.20263057582,1.30961810455871e-113,1.59434117886076e-06,NA,1480,FALSE,1.06129537276144
"371","lag_2_cal_W",0.381395930517754,0.114723861548604,0.505026166649243,0,208.962293184585,3.67154845683979e-33,0.44077134896092,NA,326,FALSE,1.0011459587156
"372","lag_2_cal_W",0.497767327216912,0.215713162759099,0.252828220962679,0,210.678470763808,2.39129692063392e-29,0.167401486919447,NA,215,FALSE,0.96630871093869
"353","lag_2_cal_W",NA,NA,NA,NA,NA,NA,NA,NA,NA,NA,NA
"311","lag_2_w_eps",0.591827362116414,0.228867967816941,0.201779629587963,0,25546.6092212563,0,2.54854152543674e-13,NA,5825,FALSE,1.02247495952132
"352","lag_2_w_eps",0.40678804652219,0.324840909855333,0.272903129790111,0,9002.32798070069,0,3.23087930937654e-11,NA,2205,FALSE,1.00453208616763
"312","lag_2_w_eps",0.57445392787883,0.20227661175065,0.282581463171451,0,4517.37495430672,0,4.11635107334396e-05,NA,1168,FALSE,1.05931200280093
"313","lag_2_w_eps",0.286812793057781,0.406204458349155,0.307367688444373,0,3953.81367466258,4.9839133488076e-301,0.00201850354418012,NA,969,FALSE,1.00038493985131
"381","lag_2_w_eps",0.399911823805787,0.234342373067823,0.391336102990527,0,6156.07844847535,0,3.07246131229317e-15,NA,3646,FALSE,1.02559029986414
"351","lag_2_w_eps",0.339994206245856,0.307957074304247,0.362008160845493,0,3111.05617716462,8.40831291483474e-226,3.49126944039852e-07,NA,759,FALSE,1.0099594413956
"331","lag_2_w_eps",0.323534120798663,0.0765172507760152,0.554272618188958,0,1894.31668469988,4.79931222487181e-192,0.00035338192930592,NA,951,FALSE,0.954323989763636
"314","lag_2_w_eps",0.264743007294178,0,0.160848871517885,0,3775.36370117061,1.13202724972587e-74,0.131688733094034,NA,127,TRUE,0.425591878812063
"321","lag_2_w_eps",0.385384304182787,0.299984463721341,0.3488130482362,0,6602.1382791492,0,2.77172326830741e-06,NA,2693,FALSE,1.03418181614033
"322","lag_2_w_eps",0.335215026753758,0.182114894282378,0.392041979492468,0,8443.77436943671,0,2.83137150235064e-12,NA,4247,FALSE,0.909371900528604
"356","lag_2_w_eps",0.487913004688645,0.286257336626498,0.212771078060242,0,3163.54633089858,0,3.72704925928906e-06,NA,1625,FALSE,0.986941419375385
"332","lag_2_w_eps",0.347712961500976,0.176096999573748,0.547351187790506,0,1682.13917345842,8.87910544267008e-180,0.00122053723297301,NA,985,FALSE,1.07116114886523
"341","lag_2_w_eps",0.500929105086787,0.0951148937278842,0.3437784200875,0,10203.1351083423,0,1.63609033414747e-07,NA,1062,FALSE,0.939822418902171
"323","lag_2_w_eps",0.553371627210715,0.235515580386457,0.321207494299253,0,800.805889435718,4.36951413075403e-95,0.0108836453108409,NA,559,FALSE,1.11009470189643
"390","lag_2_w_eps",0.332587804169595,0.208821040483812,0.500552745615946,0,2213.38575009253,1.31796709087604e-213,4.08215713905443e-05,NA,979,FALSE,1.04196159026935
"324","lag_2_w_eps",0.41181041802015,0.118965320495487,0.426529479075067,0,1739.5488475207,2.68939329821182e-192,0.00078598293547754,NA,1063,FALSE,0.957305217590704
"342","lag_2_w_eps",0.332920648974815,0.29184727455107,0.408268470119412,0,2816.56464398954,0,6.18236464511741e-11,NA,1967,FALSE,1.0330363936453
"385","lag_2_w_eps",0.334355360540444,0.183047022169559,0.551440668125495,0,782.745727744383,2.33016862611069e-85,0.0062168594313042,NA,416,FALSE,1.0688430508355
"355","lag_2_w_eps",0.415130697734417,0.244269009756466,0.330318991339359,0,2004.99780840877,1.1338406904392e-149,0.00565561044427184,NA,522,FALSE,0.989718698830242
"354","lag_2_w_eps",0.603135344484065,0.17177604247026,0.154984242819481,0,835.253225515997,5.06047340312072e-54,0.00459387608273548,NA,152,FALSE,0.929895629773805
"382","lag_2_w_eps",0.37396507997478,0.224595797642874,0.438397597436849,0,4164.89888611972,0,7.06880750753463e-08,NA,2139,FALSE,1.0369584750545
"362","lag_2_w_eps",0.270784392259416,0.33864397612771,0.351598136918771,0,1056.72050008482,4.84223205965198e-97,0.146458724197545,NA,380,FALSE,0.961026505305897
"383","lag_2_w_eps",0.394945790296553,0.22636233363334,0.38751395748274,0,2938.75922794877,1.29491806220384e-297,2.52701290163466e-08,NA,1381,FALSE,1.00882208141263
"384","lag_2_w_eps",0.431140761999481,0.219690938889126,0.478946380714,0,1828.56758950136,2.06109758543046e-227,9.48667837137331e-09,NA,1427,FALSE,1.12977808160261
"361","lag_2_w_eps",0.238816266840168,0.029640537845663,0.674669002995512,52,1986.47238250394,1.36601062089935e-84,5.71421228319613e-06,NA,211,FALSE,0.943125807681344
"369","lag_2_w_eps",0.243783172098546,0.332754467666021,0.549186040455466,0,3374.83147455858,3.97722844902203e-320,0.00548360603898958,NA,1480,FALSE,1.12572368022003
"371","lag_2_w_eps",0.381395930517754,0.1161002913037,0.502675449536182,0,2048.50379340434,5.35982398255989e-109,0.017933261770633,NA,326,FALSE,1.00017167135764
"372","lag_2_w_eps",0.497767327216912,0.222415377486047,0.258053582484551,0,844.139212286393,6.07027040127005e-60,0.00710876843534248,NA,215,FALSE,0.978236287187511
"353","lag_2_w_eps",NA,NA,NA,NA,NA,NA,NA,NA,NA,NA,NA
