"sic_3","system","alpha_K","alpha_L","stat","at_bound","grid_min","beta"
"311","joint",0.211934482322406,0.196383980042289,13.6436135019357,FALSE,NA,0.591827362116414
"312","joint",0.182161609915311,0.265053748418158,11.0128859176921,FALSE,NA,0.57445392787883
"313","joint",0.302033910791021,0.166258563075354,9.4619757231723,FALSE,9.46799326011076,0.286812793057781
"314","joint",0.079797053416425,0.114963693246906,0.143932869255181,FALSE,NA,0.264743007294178
"321","joint",0.297124645555819,0.327698089605997,4.1741499539021,FALSE,4.19883168919815,0.385384304182787
"322","joint",0.161310347288966,0.372612245938224,3.18087421817832,FALSE,3.2535510448309,0.335215026753758
"323","joint",0.225703795777271,0.312471880226011,1.71120803519313,FALSE,NA,0.553371627210715
"324","joint",0.122805126777707,0.433328954135713,0.0751116777124066,FALSE,NA,0.41181041802015
"331","joint",0.0710298810798163,0.543509157107133,0.10446806568323,FALSE,0.135876985112703,0.323534120798663
"332","joint",0.160240524398929,0.537702477546961,5.87761956233493,FALSE,NA,0.347712961500976
"341","joint",0.0754178179873617,0.304830181115375,0.374452860339273,FALSE,NA,0.500929105086787
"342","joint",0.264727801191127,0.40196669982576,5.18970453750228,FALSE,NA,0.332920648974815
"351","joint",0.115616129730511,0.184593704517768,1.89363339891305,FALSE,NA,0.339994206245856
"352","joint",0.25963274700004,0.175647292886718,12.9084031403698,FALSE,NA,0.40678804652219
"354","joint",0.136876811431491,0.151853275987147,0.00368436770384567,FALSE,NA,0.603135344484065
"355","joint",0.143402936742886,0.290981209689091,1.15243462781948,FALSE,NA,0.415130697734417
"356","joint",0.265528567438986,0.197442379683772,2.51663958191646,FALSE,NA,0.487913004688645
"361","joint",0.00176315465383319,0.696661650088291,0.0311158603061576,FALSE,NA,0.238816266840168
"362","joint",0.312009510414478,0.35376620718618,0.408468108754718,FALSE,NA,0.270784392259416
"369","joint",0.353642252502399,0.325928856072561,5.91158648250808,FALSE,5.92126295955075,0.243783172098546
"371","joint",0.118708957787187,0.478819222542836,0.131161710970788,FALSE,NA,0.381395930517754
"372","joint",0.287777829380901,0.335454798221662,1.93460093236618,FALSE,NA,0.497767327216912
"381","joint",0.234824502046117,0.389042318842491,0.0185345403392529,FALSE,NA,0.399911823805787
"382","joint",0.187694596207235,0.39585871930232,2.64096447665947,FALSE,NA,0.37396507997478
"383","joint",0.148588794261562,0.314553092055124,1.35927977509539,FALSE,NA,0.394945790296553
"384","joint",0.22047520037745,0.476758927956461,0.0180854070529172,FALSE,NA,0.431140761999481
"385","joint",0.18464081093498,0.534384858140451,0.351711636358873,FALSE,NA,0.334355360540444
"390","joint",0.228298831975343,0.436530454707319,2.23825239028704,FALSE,NA,0.332587804169595
"313","lag_2_w_eps",0.40620761614814,0.307364579067383,1.36212142351398e-14,FALSE,0.0403579655859795,0.286812793057781
"321","lag_2_w_eps",0.299992341814404,0.348801449086026,4.24537421788143e-15,FALSE,0.0535965447455327,0.385384304182787
"322","lag_2_w_eps",0.182118913980578,0.392039242884024,3.69789710605575e-15,FALSE,0.0671731219931658,0.335215026753758
"331","lag_2_w_eps",0.0764847963352293,0.554220965364701,9.05752656822197e-15,FALSE,0.0174754970412163,0.323534120798663
"369","lag_2_w_eps",0.332749960952095,0.549193784914789,4.44079616100729e-15,FALSE,0.0176017087848111,0.243783172098546
"313","lag_m",0.530861609890891,0.144754321752262,6.80000476690728e-16,FALSE,0.00400349561627993,0.286812793057781
"321","lag_m",0.310715359740763,0.289509241195521,1.48545558893152e-14,FALSE,0.0453302610921376,0.385384304182787
"322","lag_m",0.166690562159359,0.394374642232426,4.54192287493558e-14,FALSE,0.0628880242835082,0.335215026753758
"331","lag_m",0.111589418877084,0.584073550835308,7.80064252891582e-16,FALSE,0.0402955094771615,0.323534120798663
"369","lag_m",0.326776368321668,0.639437706584435,3.42165763934317e-15,FALSE,0.00605864463396741,0.243783172098546
