"sic_3","method","gamma1","se","corr","n"
"313","gnr",0.846022831887536,0.0273763157129789,0.858685195222583,856
"313","lag_2_w_eps",0.900814017732013,0.0225606051981055,NA,751
"313","lag_m",0.974149241035203,0.0781006479705264,NA,856
"321","gnr",0.871163647095571,0.0166291838716089,0.859133346309272,2264
"321","lag_2_w_eps",0.951646011146956,0.0132149860335449,NA,1901
"321","lag_m",0.968430028879276,0.0247935394515406,NA,2264
"322","gnr",0.882049309568883,0.0111553315783387,0.861278489024074,3520
"322","lag_2_w_eps",0.94178455615128,0.0119324955643953,NA,2896
"322","lag_m",0.943986817035439,0.0118496304438764,NA,3520
"324","gnr",0.870712436249019,0.0265762917454476,0.822878752003983,871
"324","lag_2_w_eps",0.955920336021575,0.0286954098814293,NA,705
"324","lag_m",1.01586731869601,0.0107077247992045,NA,871
"331","gnr",0.842904174772698,0.0273791058368213,0.845652113259435,780
"331","lag_2_w_eps",0.913325032889555,0.0253301694881287,NA,632
"331","lag_m",0.916885776967473,0.0333295673952475,NA,780
"342","gnr",0.812565646007327,0.0203940851799854,0.788805300817376,1632
"342","lag_2_w_eps",0.926615193455432,0.0192797445227906,NA,1326
"342","lag_m",0.965974841635145,0.0271197509141189,NA,1632
"369","gnr",0.891595256872955,0.0137806639486536,0.891360019473631,1209
"369","lag_2_w_eps",0.930315216169927,0.019640608912353,NA,985
"369","lag_m",0.972196039901048,0.302067907444356,NA,1209
