"sic_3","system","n_obs","alpha_K","alpha_L","stat","at_bound","K_sh_lo","K_sh_hi","L_sh_lo","L_sh_hi","K_co_lo","K_co_hi","L_co_lo","L_co_hi","share_sharp","share_cons","beta","first_stage"
"311","lag_2_w_eps",5825,0.22226389223433,0.196044059276272,6.05465622436672e-15,FALSE,0.18,0.26,0.15,0.245,0.17,0.27,0.135,0.26,0.00499987624068711,0.00804435533773916,0.60350985552692,"pooled"
"312","lag_2_w_eps",1168,0.205925140189811,0.287626244398415,5.16783811597371e-16,FALSE,0.135,0.285,0.19,0.38,0.115,0.31,0.155,0.405,0.0190094304596421,0.0325239474270439,0.566794753756939,"pooled"
"313","lag_2_w_eps",969,0.387717652450615,0.293062873180644,1.32470485715001e-15,FALSE,0.28,0.55,0,0.495,0.095,0.625,0,0.635,0.087893864013267,0.176307517140665,0.319777898035793,"pooled"
"314","lag_2_w_eps",127,0.541056333118894,0.117960523213817,7.51170716087154e-17,FALSE,0,1,0,0.55,0,1,0,0.95,0.396203064280587,0.593698175787728,0.329354524995082,"pooled"
"321","lag_2_w_eps",2693,0.276133519692443,0.319617549264137,3.93496169741259e-16,FALSE,0.195,0.345,0.21,0.445,0.17,0.36,0.185,0.48,0.0210885869161654,0.0355436746615183,0.435332481256124,"pooled"
"322","lag_2_w_eps",4247,0.159515034811915,0.342902227547875,2.30475086908948e-15,FALSE,0.075,0.23,0.28,0.41,0.05,0.25,0.265,0.43,0.0160144550877454,0.0260637112942749,0.417088211116537,"pooled"
"323","lag_2_w_eps",559,0.273545636033613,0.383162660090602,3.09784862414141e-16,FALSE,0.16,0.405,0.225,0.52,0.135,0.455,0.16,0.565,0.0456424345932031,0.0974975866933987,0.473643671102314,"pooled"
"324","lag_2_w_eps",1063,0.110579818474969,0.398334028363714,2.00930184892096e-16,FALSE,0,0.25,0.18,0.535,0,0.285,0.09,0.565,0.0700972748199302,0.104056830276478,0.450535349246884,"pooled"
"331","lag_2_w_eps",951,0.0686040354475192,0.486248592214694,1.09705036631639e-15,FALSE,0,0.18,0.35,0.61,0,0.215,0.31,0.645,0.0370535382787555,0.0539838122818742,0.404150728770653,"pooled"
"332","lag_2_w_eps",985,0.176907744680412,0.549226335923206,1.93163516075646e-15,FALSE,0.06,0.27,0.415,0.73,0.025,0.295,0.38,0.79,0.038761416796614,0.0652706616172867,0.345348921242283,"pooled"
"341","lag_2_w_eps",1062,0.0991499635586632,0.36039663854245,1.51640115863806e-17,FALSE,0,0.355,0.045,0.65,0,0.405,0,0.74,0.149055716442662,0.207148337912428,0.477611639430593,"pooled"
"342","lag_2_w_eps",1967,0.282336535272651,0.394518982345826,3.96041183531778e-15,FALSE,0.21,0.345,0.295,0.515,0.185,0.365,0.27,0.55,0.0183163783074676,0.0312863542981609,0.355101448135581,"pooled"
"351","lag_2_w_eps",759,0.2981525494616,0.352226624192291,4.53553986551407e-16,FALSE,0,0.48,0.005,0.645,0,0.55,0,0.78,0.23123190020049,0.333556100096532,0.358720459301642,"pooled"
"352","lag_2_w_eps",2205,0.316767867722961,0.266049456114693,7.16079595322375e-16,FALSE,0.23,0.41,0.16,0.39,0.21,0.435,0.13,0.435,0.0253706591421004,0.0414346179550011,0.421669537877039,"pooled"
"354","lag_2_w_eps",152,0.198638905662063,0.182601414755328,0.00179013985637154,FALSE,0,0.605,0,0.855,0,1,0,1,0.362689042350437,0.637112942748942,0.539411629380061,"pooled"
"355","lag_2_w_eps",522,0.239351198303928,0.323286543334058,7.21898872131134e-17,FALSE,0,0.49,0.14,0.545,0,0.58,0.09,0.67,0.156109997277295,0.25259275760501,0.428446441673747,"pooled"
"356","lag_2_w_eps",1625,0.308582283776789,0.229590129576635,1.57601469255161e-15,FALSE,0.225,0.375,0.14,0.325,0.17,0.395,0.12,0.36,0.0202965273136804,0.0383158832702161,0.447869864147959,"pooled"
"361","lag_2_w_eps",211,0.0260030247819998,0.721058494954997,8.30688459225757e-17,FALSE,0,0.945,0,1,0,1,0,1,0.680676220885622,0.856340189599267,0.190631692024912,"pooled"
"362","lag_2_w_eps",380,0.314326259511377,0.32661776360553,6.68705775089439e-17,FALSE,0.175,0.475,0.03,0.605,0.09,0.51,0,0.715,0.109403232593253,0.188930967055271,0.323811497308312,"pooled"
"369","lag_2_w_eps",1480,0.317247537837992,0.523207500638326,5.24537574480961e-16,FALSE,0.205,0.465,0.205,0.705,0,0.52,0,0.75,0.0729932427415163,0.265934011534368,0.278760885769165,"pooled"
"371","lag_2_w_eps",326,0.113165833168481,0.489177295587437,1.54245420487891e-16,FALSE,0,0.345,0.075,0.92,0,1,0,1,0.140219301502438,0.355139724264251,0.397900072197965,"pooled"
"372","lag_2_w_eps",215,0.246169393507483,0.300346347889171,4.15371238831781e-17,FALSE,0,0.915,0,0.64,0,1,0,1,0.467414172916512,0.962847454270934,0.427287675609711,"pooled"
"381","lag_2_w_eps",3646,0.235023001391273,0.392457283318253,1.18975124402253e-15,FALSE,0.16,0.315,0.295,0.495,0.14,0.335,0.27,0.525,0.0172520482166283,0.0284151382391525,0.398202981444407,"pooled"
"382","lag_2_w_eps",2139,0.226300419720042,0.441706975586629,6.63184388876675e-16,FALSE,0.105,0.355,0.32,0.58,0.015,0.39,0.285,0.625,0.0484146432019009,0.0879186158758447,0.369331991701128,"pooled"
"383","lag_2_w_eps",1381,0.222934245651095,0.381445876161852,2.5550565602287e-17,FALSE,0.055,0.885,0,0.62,0.03,0.98,0,0.725,0.173881834608054,0.253360065344917,0.404236367247428,"pooled"
"384","lag_2_w_eps",1427,0.236801112201529,0.51192875878836,4.94944962984396e-16,FALSE,0.155,0.33,0.37,0.63,0.135,0.365,0.325,0.66,0.025766688943343,0.0422514294200639,0.390059199466029,"pooled"
"385","lag_2_w_eps",416,0.194379249611834,0.578113447124338,9.75365542231068e-16,FALSE,0,0.385,0.31,0.75,0,0.48,0.18,0.8,0.0987351798222816,0.180094552115047,0.300293530540739,"pooled"
"390","lag_2_w_eps",979,0.203147432304507,0.486906481947545,4.27701712641094e-16,FALSE,0.11,0.325,0.315,0.67,0.085,0.36,0.275,0.72,0.0385881537585703,0.0621766787950793,0.351118729182191,"pooled"
