"drop","d_g","TS","crit","TS_over_crit","seed30","seed31","spread","d0","d1","d2","omega_star","conv"
"none",12,581.9,21.03,27.7,589.1,728,146,6.35,7.016,1.212,2.894,4
"11",11,577.5,19.68,29.3,583.1,714.7,137.2,6.35,7.015,1.212,2.894,4
"6",11,521.4,19.68,26.5,536.9,563.4,42,6.33,7.065,1.225,2.884,4
"8",11,596.5,19.68,30.3,608.7,672.5,76.1,6.42,6.988,1.195,2.924,4
"2",11,727.5,19.68,37,753.9,782.9,55.5,6.31,6.984,1.233,2.833,4
"11,6",10,518.8,18.31,28.3,533.5,560.3,41.5,6.42,6.965,1.187,2.934,4
"11,8",10,607.9,18.31,33.2,609.8,675.5,67.6,6.39,7.014,1.204,2.914,4
"11,2",10,655.7,18.31,35.8,689,698.2,42.5,5.95,8.005,1.563,2.561,4
"6,8",10,591.6,18.31,32.3,605,633.2,41.6,6.37,7.015,1.208,2.905,4
"6,2",10,577.9,18.31,31.6,601.8,623,45.1,6.37,7.03,1.227,2.866,4
"8,2",10,626.7,18.31,34.2,634.3,643.3,16.7,6.32,6.991,1.226,2.851,4
"11,6,8",9,522.1,16.92,30.9,535,570.8,48.7,6.36,7.04,1.211,2.907,4
"11,6,2",9,529.9,16.92,31.3,553.8,558.9,29,6.39,7.183,1.265,2.839,4
"11,8,2",9,688.6,16.92,40.7,701,716.6,28,6.44,6.729,1.143,2.944,4
"6,8,2",9,708,16.92,41.8,703.1,739.7,36.6,6.4,6.546,1.096,2.986,4
"11,6,8,2",8,688.2,15.51,44.4,700.9,720.9,32.7,6.43,6.734,1.146,2.939,4
