run,cf_target,cf_cold,Delta,T_hat,TS_min,d_g,crit,hard_lo,hard_hi,soft_lo,soft_hi,scale,mean_t1p,T_at_gamma0
1622,level,0,-0.1,0.8857914196,20.26167864,18,28.85978371,0.7573559889,1.017617771,0.7981854371,0.9748333529,1960.049196,1547.052421,0.880880499
1622,level,0,-0.05,0.9385007291,22.2651281,18,28.85978371,0.8118077132,1.058998174,0.8376164832,1.033977598,1960.049196,1547.052421,0.9332916865
1622,level,0,0,0.9941332423,20.67737636,18,28.85978371,0.8530954427,1.130200376,0.8972101053,1.08732838,1960.049196,1547.052421,0.9872686376
1622,level,0,0.05,1.064081048,20.85160746,18,28.85978371,0.9053469655,1.202406389,0.9503625818,1.154522741,1960.049196,1547.052421,1.04921708
1622,level,0,0.1,1.120639643,22.57817194,18,28.85978371,0.9749619614,1.271920523,1.004728952,1.231100349,1960.049196,1547.052421,1.113855731
1622,level,0,0.2,1.250465617,21.46947004,18,28.85978371,1.092600439,1.409893878,1.136366735,1.368472204,1960.049196,1547.052421,1.245840469
1638,elast_claims,0,0,1.165339052,22.97661253,18,28.85978371,1.147864657,1.188640143,1.147864657,1.182813448,1960.049196,1547.052421,1.175752725
1638,diff_beh,0,-0.1,-0.0115741177,29.04661656,18,28.85978371,NaN,NaN,-0.01342959344,-0.009552264011,1960.049196,1547.052421,-0.007661274606
1638,diff_beh,0,-0.05,-0.004662048311,23.3879324,18,28.85978371,-0.005146423311,-0.003665173311,-0.005058923311,-0.004265173311,1960.049196,1547.052421,-0.004613519154
1638,diff_beh,0,0.05,0.01269235063,21.58921701,18,28.85978371,0.01168092894,0.01357684882,0.01177612157,0.01329920365,1960.049196,1547.052421,0.0125850111
1638,diff_beh,0,0.1,0.02805733305,20.39489296,18,28.85978371,0.02584343412,0.03013971324,0.02658870702,0.02945581575,1960.049196,1547.052421,0.02786023006
1639,diff_beh,0,-0.02,-0.00127653,268.692,18,28.85978371,NaN,NaN,-0.00217341,-0.00125466,1960.049196,1547.052421,-0.00236048
1639,diff_beh,0,-0.015,-0.00192214,23.3941,18,28.85978371,-0.00206901,-0.00177526,-0.00204401,-0.00180026,1960.049196,1547.052421,-0.00190279
1639,diff_beh,0,-0.01,-0.00143196,20.7441,18,28.85978371,-0.00162884,-0.00128509,-0.00159759,-0.00129759,1960.049196,1547.052421,-0.00138819
1639,diff_beh,0,0.01,0.00210309,23.1662,18,28.85978371,0.00197496,0.00223121,0.00199996,0.00220621,1960.049196,1547.052421,0.00208211
1639,diff_beh,0,0.015,0.00328422,23.287,18,28.85978371,0.00307485,0.0034686,0.00308735,0.00343735,1960.049196,1547.052421,0.00324521
1639,diff_beh,0,0.02,0.00450216,23.6,18,28.85978371,0.00420528,0.00478028,0.00424278,0.00474903,1960.049196,1547.052421,0.00446478
1640,diff_beh,1,-0.02,-0.00243769,23.3712,18,28.85978371,-0.00258457,-0.00217207,-0.00256582,-0.00222207,1960.049196,1547.052421,-0.00236048
1640,diff_beh,1,-0.1,-0.00848936,21.1128,18,28.85978371,-0.00892998,-0.00648623,-0.00852998,-0.00841123,1960.049196,1547.052421,-0.00766127
