"grid","k","kappa","TS"
"coarse","0.65","0.5",34.329
"coarse","0.7","0.5",45.8469
"coarse","0.75","0.5",23.6894
"coarse","0.65","4.5",32.5255
"coarse","0.7","4.5",41.8034
"coarse","0.75","4.5",41.8517
"coarse","0.65","9",51.2265
"coarse","0.7","9",29.5461
"coarse","0.75","9",43.6283
"fine","0.725","0.4",46.6553
"fine","0.75","0.4",32.1259
"fine","0.775","0.4",NA
"fine","0.725","0.5",35.0054
"fine","0.75","0.5",23.6894
"fine","0.775","0.5",21.9719
"fine","0.725","0.6",35.7383
"fine","0.75","0.6",45.1606
"fine","0.775","0.6",NA
