"version","Delta","rev","lo","hi","TS_min","crit","bracket"
"True materials fixed",-0.3,222.807442198432,0.00870341571357131,438.92195772062,20.74399395,28.869299,FALSE
"True materials fixed",-0.2,22.776701602861,-179.705903144955,240.42143841064,20.16806406,28.869299,FALSE
"True materials fixed",-0.1,-182.791561768643,-395.435328193616,29.5348581675332,20.73666467,28.869299,FALSE
"True materials fixed",-0.05,-284.970485359653,-486.180798163743,-76.9475968714049,21.389944,28.869299,FALSE
"True materials fixed",0,-391.267326307394,-604.500377230637,-174.121602168119,20.68067898,28.869299,FALSE
"True materials fixed",0.05,-511.519614432068,-709.348977616452,-310.016933241715,22.24384295,28.869299,FALSE
"True materials fixed",0.1,-639.896669083263,-839.858129289939,-435.135984123068,22.17599689,28.869299,FALSE
"True materials fixed",0.2,-899.074933910429,-1125.94209429323,-667.571918482588,20.75174283,28.869299,FALSE
"True materials fixed",0.3,-1162.9060648536,-1386.08432150724,-866.621744127811,20.88826429,28.869299,FALSE
"True materials respond",-0.3,263.927769208734,48.7259903444606,480.160516074455,20.61743452,28.869299,FALSE
"True materials respond",-0.29,242.80849196818,27.6668894954964,461.611191246088,20.614566,28.869299,TRUE
"True materials respond",-0.275,214.134382290092,2.28354243631653,426.119056319861,20.7642005,28.869299,TRUE
"True materials respond",-0.25,162.259253502641,-51.7264753047428,374.863243375247,20.75210067,28.869299,TRUE
"True materials respond",-0.225,110.251951502525,-87.3286988833254,325.187574071243,21.3013462,28.869299,TRUE
"True materials respond",-0.2,58.8667379132359,-166.315258099401,279.421897537594,20.02401994,28.869299,FALSE
"True materials respond",-0.1,-158.521944006527,-372.124071291753,50.7208298256748,20.78682034,28.869299,FALSE
"True materials respond",-0.05,-272.13588780734,-485.085445643085,-64.3471562630839,20.77575885,28.869299,FALSE
"True materials respond",0,-391.267326307394,-604.500377230637,-174.121602168119,20.68067898,28.869299,FALSE
"True materials respond",0.05,-528.4628577008,-739.842839893185,-309.155932435138,21.31228193,28.869299,FALSE
"True materials respond",0.1,-668.115527150823,-881.912495792045,-467.828677805084,21.45514012,28.869299,FALSE
"True materials respond",0.2,-965.023994966314,-1179.73240980826,-733.427660224216,22.6254374,28.869299,FALSE
"True materials respond",0.3,-1269.9338904686,-1545.05730094088,-1013.28300519707,20.63602554,28.869299,FALSE
