"","all_inds","",""
"","m","bigE","err_sd"
"sic311-gnr_ii","0.65","1.07","0.31"
"sic311-materials","0.56","1.08","0.35"
"sic311-dedudctibles","0.56","1.12","0.39"
"sic321-gnr_ii","0.52","1.06","0.30"
"sic321-materials","0.39","1.12","0.41"
"sic321-dedudctibles","0.43","1.09","0.37"
"sic322-gnr_ii","0.45","1.13","0.41"
"sic322-materials","0.37","1.15","0.45"
"sic322-dedudctibles","0.37","1.15","0.45"
"sic331-gnr_ii","0.47","1.09","0.38"
"sic331-materials","0.35","1.14","0.48"
"sic331-dedudctibles","0.39","1.12","0.43"
"sic381-gnr_ii","0.51","1.05","0.29"
"sic381-materials","0.37","1.09","0.39"
"sic381-dedudctibles","0.41","1.07","0.35"
